timestamp,agent_index,action,score,is_win,is_lose,game_over,map_matrix
2025-05-12T00:00:07.238460,0,Stop,0.0,False,False,False,"[[0, 0, 0, 0, 0, 0, 0, 0, 0, 0, 0], [0, 2, 2, 2, 2, 2, 2, 2, 2, 3, 0], [0, 2, 0, 0, 0, 2, 0, 0, 0, 2, 0], [0, 2, 0, 2, 2, 2, 2, 2, 0, 2, 0], [0, 2, 2, 2, 0, 2, 0, 2, 2, 2, 0], [0, 0, 0, 2, 0, 2, 0, 2, 0, 0, 0], [0, 2, 2, 2, 2, 2, 2, 2, 2, 2, 0], [0, 2, 0, 2, 0, 0, 0, 2, 0, 2, 0], [0, 2, 0, 2, 0, 4, 0, 2, 0, 2, 0], [0, 5, 0, 2, 0, 1, 1, 2, 0, 2, 0], [0, 2, 0, 2, 0, 1, 1, 2, 0, 2, 0], [0, 2, 0, 2, 0, 4, 0, 2, 0, 2, 0], [0, 2, 0, 2, 0, 0, 0, 2, 0, 2, 0], [0, 2, 2, 2, 2, 2, 2, 2, 2, 2, 0], [0, 0, 0, 2, 0, 2, 0, 2, 0, 0, 0], [0, 2, 2, 2, 0, 2, 0, 2, 2, 2, 0], [0, 2, 0, 2, 2, 2, 2, 2, 0, 2, 0], [0, 2, 0, 0, 0, 2, 0, 0, 0, 2, 0], [0, 3, 2, 2, 2, 2, 2, 2, 2, 2, 0], [0, 0, 0, 0, 0, 0, 0, 0, 0, 0, 0]]"
2025-05-12T00:00:07.363504,0,West,-1.0,False,False,False,"[[0, 0, 0, 0, 0, 0, 0, 0, 0, 0, 0], [0, 2, 2, 2, 2, 2, 2, 2, 2, 3, 0], [0, 2, 0, 0, 0, 2, 0, 0, 0, 2, 0], [0, 2, 0, 2, 2, 2, 2, 2, 0, 2, 0], [0, 2, 2, 2, 0, 2, 0, 2, 2, 2, 0], [0, 0, 0, 2, 0, 2, 0, 2, 0, 0, 0], [0, 2, 2, 2, 2, 2, 2, 2, 2, 2, 0], [0, 2, 0, 2, 0, 0, 0, 2, 0, 2, 0], [0, 2, 0, 2, 0, 1, 0, 2, 0, 2, 0], [0, 5, 0, 2, 0, 4, 1, 2, 0, 2, 0], [0, 2, 0, 2, 0, 4, 1, 2, 0, 2, 0], [0, 2, 0, 2, 0, 1, 0, 2, 0, 2, 0], [0, 2, 0, 2, 0, 0, 0, 2, 0, 2, 0], [0, 2, 2, 2, 2, 2, 2, 2, 2, 2, 0], [0, 0, 0, 2, 0, 2, 0, 2, 0, 0, 0], [0, 2, 2, 2, 0, 2, 0, 2, 2, 2, 0], [0, 2, 0, 2, 2, 2, 2, 2, 0, 2, 0], [0, 2, 0, 0, 0, 2, 0, 0, 0, 2, 0], [0, 3, 2, 2, 2, 2, 2, 2, 2, 2, 0], [0, 0, 0, 0, 0, 0, 0, 0, 0, 0, 0]]"
2025-05-12T00:00:07.485945,0,West,8.0,False,False,False,"[[0, 0, 0, 0, 0, 0, 0, 0, 0, 0, 0], [0, 2, 2, 2, 2, 2, 2, 2, 2, 3, 0], [0, 2, 0, 0, 0, 2, 0, 0, 0, 2, 0], [0, 2, 0, 2, 2, 2, 2, 2, 0, 2, 0], [0, 2, 2, 2, 0, 2, 0, 2, 2, 2, 0], [0, 0, 0, 2, 0, 2, 0, 2, 0, 0, 0], [0, 2, 2, 2, 2, 2, 2, 2, 2, 2, 0], [0, 2, 0, 2, 0, 0, 0, 2, 0, 2, 0], [0, 5, 0, 2, 0, 1, 0, 2, 0, 2, 0], [0, 1, 0, 2, 0, 4, 1, 2, 0, 2, 0], [0, 2, 0, 2, 0, 4, 1, 2, 0, 2, 0], [0, 2, 0, 2, 0, 1, 0, 2, 0, 2, 0], [0, 2, 0, 2, 0, 0, 0, 2, 0, 2, 0], [0, 2, 2, 2, 2, 2, 2, 2, 2, 2, 0], [0, 0, 0, 2, 0, 2, 0, 2, 0, 0, 0], [0, 2, 2, 2, 0, 2, 0, 2, 2, 2, 0], [0, 2, 0, 2, 2, 2, 2, 2, 0, 2, 0], [0, 2, 0, 0, 0, 2, 0, 0, 0, 2, 0], [0, 3, 2, 2, 2, 2, 2, 2, 2, 2, 0], [0, 0, 0, 0, 0, 0, 0, 0, 0, 0, 0]]"
2025-05-12T00:00:07.610123,0,West,17.0,False,False,False,"[[0, 0, 0, 0, 0, 0, 0, 0, 0, 0, 0], [0, 2, 2, 2, 2, 2, 2, 2, 2, 3, 0], [0, 2, 0, 0, 0, 2, 0, 0, 0, 2, 0], [0, 2, 0, 2, 2, 2, 2, 2, 0, 2, 0], [0, 2, 2, 2, 0, 2, 0, 2, 2, 2, 0], [0, 0, 0, 2, 0, 2, 0, 2, 0, 0, 0], [0, 2, 2, 2, 2, 2, 2, 2, 2, 2, 0], [0, 5, 0, 2, 0, 0, 0, 2, 0, 2, 0], [0, 1, 0, 2, 0, 4, 0, 2, 0, 2, 0], [0, 1, 0, 2, 0, 1, 1, 2, 0, 2, 0], [0, 2, 0, 2, 0, 1, 1, 2, 0, 2, 0], [0, 2, 0, 2, 0, 4, 0, 2, 0, 2, 0], [0, 2, 0, 2, 0, 0, 0, 2, 0, 2, 0], [0, 2, 2, 2, 2, 2, 2, 2, 2, 2, 0], [0, 0, 0, 2, 0, 2, 0, 2, 0, 0, 0], [0, 2, 2, 2, 0, 2, 0, 2, 2, 2, 0], [0, 2, 0, 2, 2, 2, 2, 2, 0, 2, 0], [0, 2, 0, 0, 0, 2, 0, 0, 0, 2, 0], [0, 3, 2, 2, 2, 2, 2, 2, 2, 2, 0], [0, 0, 0, 0, 0, 0, 0, 0, 0, 0, 0]]"
2025-05-12T00:00:07.730206,0,North,26.0,False,False,False,"[[0, 0, 0, 0, 0, 0, 0, 0, 0, 0, 0], [0, 2, 2, 2, 2, 2, 2, 2, 2, 3, 0], [0, 2, 0, 0, 0, 2, 0, 0, 0, 2, 0], [0, 2, 0, 2, 2, 2, 2, 2, 0, 2, 0], [0, 2, 2, 2, 0, 2, 0, 2, 2, 2, 0], [0, 0, 0, 2, 0, 2, 0, 2, 0, 0, 0], [0, 5, 2, 2, 2, 2, 2, 2, 2, 2, 0], [0, 1, 0, 2, 0, 0, 0, 2, 0, 2, 0], [0, 1, 0, 2, 0, 1, 0, 2, 0, 2, 0], [0, 1, 0, 2, 0, 4, 1, 2, 0, 2, 0], [0, 2, 0, 2, 0, 4, 1, 2, 0, 2, 0], [0, 2, 0, 2, 0, 1, 0, 2, 0, 2, 0], [0, 2, 0, 2, 0, 0, 0, 2, 0, 2, 0], [0, 2, 2, 2, 2, 2, 2, 2, 2, 2, 0], [0, 0, 0, 2, 0, 2, 0, 2, 0, 0, 0], [0, 2, 2, 2, 0, 2, 0, 2, 2, 2, 0], [0, 2, 0, 2, 2, 2, 2, 2, 0, 2, 0], [0, 2, 0, 0, 0, 2, 0, 0, 0, 2, 0], [0, 3, 2, 2, 2, 2, 2, 2, 2, 2, 0], [0, 0, 0, 0, 0, 0, 0, 0, 0, 0, 0]]"
2025-05-12T00:00:07.855727,0,North,35.0,False,False,False,"[[0, 0, 0, 0, 0, 0, 0, 0, 0, 0, 0], [0, 2, 2, 2, 2, 2, 2, 2, 2, 3, 0], [0, 2, 0, 0, 0, 2, 0, 0, 0, 2, 0], [0, 2, 0, 2, 2, 2, 2, 2, 0, 2, 0], [0, 2, 2, 2, 0, 2, 0, 2, 2, 2, 0], [0, 0, 0, 2, 0, 2, 0, 2, 0, 0, 0], [0, 1, 5, 2, 2, 2, 2, 2, 2, 2, 0], [0, 1, 0, 2, 0, 0, 0, 2, 0, 2, 0], [0, 1, 0, 2, 0, 1, 0, 2, 0, 2, 0], [0, 1, 0, 2, 0, 4, 1, 2, 0, 2, 0], [0, 2, 0, 2, 0, 4, 1, 2, 0, 2, 0], [0, 2, 0, 2, 0, 1, 0, 2, 0, 2, 0], [0, 2, 0, 2, 0, 0, 0, 2, 0, 2, 0], [0, 2, 2, 2, 2, 2, 2, 2, 2, 2, 0], [0, 0, 0, 2, 0, 2, 0, 2, 0, 0, 0], [0, 2, 2, 2, 0, 2, 0, 2, 2, 2, 0], [0, 2, 0, 2, 2, 2, 2, 2, 0, 2, 0], [0, 2, 0, 0, 0, 2, 0, 0, 0, 2, 0], [0, 3, 2, 2, 2, 2, 2, 2, 2, 2, 0], [0, 0, 0, 0, 0, 0, 0, 0, 0, 0, 0]]"
2025-05-12T00:00:07.980359,0,East,44.0,False,False,False,"[[0, 0, 0, 0, 0, 0, 0, 0, 0, 0, 0], [0, 2, 2, 2, 2, 2, 2, 2, 2, 3, 0], [0, 2, 0, 0, 0, 2, 0, 0, 0, 2, 0], [0, 2, 0, 2, 2, 2, 2, 2, 0, 2, 0], [0, 2, 2, 2, 0, 2, 0, 2, 2, 2, 0], [0, 0, 0, 2, 0, 2, 0, 2, 0, 0, 0], [0, 1, 1, 5, 2, 2, 2, 2, 2, 2, 0], [0, 1, 0, 2, 0, 0, 0, 2, 0, 2, 0], [0, 1, 0, 2, 0, 4, 0, 2, 0, 2, 0], [0, 1, 0, 2, 0, 1, 1, 2, 0, 2, 0], [0, 2, 0, 2, 0, 1, 4, 2, 0, 2, 0], [0, 2, 0, 2, 0, 1, 0, 2, 0, 2, 0], [0, 2, 0, 2, 0, 0, 0, 2, 0, 2, 0], [0, 2, 2, 2, 2, 2, 2, 2, 2, 2, 0], [0, 0, 0, 2, 0, 2, 0, 2, 0, 0, 0], [0, 2, 2, 2, 0, 2, 0, 2, 2, 2, 0], [0, 2, 0, 2, 2, 2, 2, 2, 0, 2, 0], [0, 2, 0, 0, 0, 2, 0, 0, 0, 2, 0], [0, 3, 2, 2, 2, 2, 2, 2, 2, 2, 0], [0, 0, 0, 0, 0, 0, 0, 0, 0, 0, 0]]"
2025-05-12T00:00:08.094278,0,East,53.0,False,False,False,"[[0, 0, 0, 0, 0, 0, 0, 0, 0, 0, 0], [0, 2, 2, 2, 2, 2, 2, 2, 2, 3, 0], [0, 2, 0, 0, 0, 2, 0, 0, 0, 2, 0], [0, 2, 0, 2, 2, 2, 2, 2, 0, 2, 0], [0, 2, 2, 2, 0, 2, 0, 2, 2, 2, 0], [0, 0, 0, 2, 0, 2, 0, 2, 0, 0, 0], [0, 1, 1, 1, 2, 2, 2, 2, 2, 2, 0], [0, 1, 0, 5, 0, 0, 0, 2, 0, 2, 0], [0, 1, 0, 2, 0, 1, 0, 2, 0, 2, 0], [0, 1, 0, 2, 0, 4, 4, 2, 0, 2, 0], [0, 2, 0, 2, 0, 1, 1, 2, 0, 2, 0], [0, 2, 0, 2, 0, 1, 0, 2, 0, 2, 0], [0, 2, 0, 2, 0, 0, 0, 2, 0, 2, 0], [0, 2, 2, 2, 2, 2, 2, 2, 2, 2, 0], [0, 0, 0, 2, 0, 2, 0, 2, 0, 0, 0], [0, 2, 2, 2, 0, 2, 0, 2, 2, 2, 0], [0, 2, 0, 2, 2, 2, 2, 2, 0, 2, 0], [0, 2, 0, 0, 0, 2, 0, 0, 0, 2, 0], [0, 3, 2, 2, 2, 2, 2, 2, 2, 2, 0], [0, 0, 0, 0, 0, 0, 0, 0, 0, 0, 0]]"
2025-05-12T00:00:08.231449,0,East,62.0,False,False,False,"[[0, 0, 0, 0, 0, 0, 0, 0, 0, 0, 0], [0, 2, 2, 2, 2, 2, 2, 2, 2, 3, 0], [0, 2, 0, 0, 0, 2, 0, 0, 0, 2, 0], [0, 2, 0, 2, 2, 2, 2, 2, 0, 2, 0], [0, 2, 2, 2, 0, 2, 0, 2, 2, 2, 0], [0, 0, 0, 2, 0, 2, 0, 2, 0, 0, 0], [0, 1, 1, 1, 2, 2, 2, 2, 2, 2, 0], [0, 1, 0, 1, 0, 0, 0, 2, 0, 2, 0], [0, 1, 0, 5, 0, 1, 0, 2, 0, 2, 0], [0, 1, 0, 2, 0, 4, 1, 2, 0, 2, 0], [0, 2, 0, 2, 0, 4, 1, 2, 0, 2, 0], [0, 2, 0, 2, 0, 1, 0, 2, 0, 2, 0], [0, 2, 0, 2, 0, 0, 0, 2, 0, 2, 0], [0, 2, 2, 2, 2, 2, 2, 2, 2, 2, 0], [0, 0, 0, 2, 0, 2, 0, 2, 0, 0, 0], [0, 2, 2, 2, 0, 2, 0, 2, 2, 2, 0], [0, 2, 0, 2, 2, 2, 2, 2, 0, 2, 0], [0, 2, 0, 0, 0, 2, 0, 0, 0, 2, 0], [0, 3, 2, 2, 2, 2, 2, 2, 2, 2, 0], [0, 0, 0, 0, 0, 0, 0, 0, 0, 0, 0]]"
2025-05-12T00:00:08.359752,0,East,71.0,False,False,False,"[[0, 0, 0, 0, 0, 0, 0, 0, 0, 0, 0], [0, 2, 2, 2, 2, 2, 2, 2, 2, 3, 0], [0, 2, 0, 0, 0, 2, 0, 0, 0, 2, 0], [0, 2, 0, 2, 2, 2, 2, 2, 0, 2, 0], [0, 2, 2, 2, 0, 2, 0, 2, 2, 2, 0], [0, 0, 0, 2, 0, 2, 0, 2, 0, 0, 0], [0, 1, 1, 1, 2, 2, 2, 2, 2, 2, 0], [0, 1, 0, 1, 0, 0, 0, 2, 0, 2, 0], [0, 1, 0, 1, 0, 4, 0, 2, 0, 2, 0], [0, 1, 0, 5, 0, 1, 1, 2, 0, 2, 0], [0, 2, 0, 2, 0, 1, 1, 2, 0, 2, 0], [0, 2, 0, 2, 0, 4, 0, 2, 0, 2, 0], [0, 2, 0, 2, 0, 0, 0, 2, 0, 2, 0], [0, 2, 2, 2, 2, 2, 2, 2, 2, 2, 0], [0, 0, 0, 2, 0, 2, 0, 2, 0, 0, 0], [0, 2, 2, 2, 0, 2, 0, 2, 2, 2, 0], [0, 2, 0, 2, 2, 2, 2, 2, 0, 2, 0], [0, 2, 0, 0, 0, 2, 0, 0, 0, 2, 0], [0, 3, 2, 2, 2, 2, 2, 2, 2, 2, 0], [0, 0, 0, 0, 0, 0, 0, 0, 0, 0, 0]]"
2025-05-12T00:00:08.503872,0,East,80.0,False,False,False,"[[0, 0, 0, 0, 0, 0, 0, 0, 0, 0, 0], [0, 2, 2, 2, 2, 2, 2, 2, 2, 3, 0], [0, 2, 0, 0, 0, 2, 0, 0, 0, 2, 0], [0, 2, 0, 2, 2, 2, 2, 2, 0, 2, 0], [0, 2, 2, 2, 0, 2, 0, 2, 2, 2, 0], [0, 0, 0, 2, 0, 2, 0, 2, 0, 0, 0], [0, 1, 1, 1, 2, 2, 2, 2, 2, 2, 0], [0, 1, 0, 1, 0, 0, 0, 2, 0, 2, 0], [0, 1, 0, 1, 0, 1, 0, 2, 0, 2, 0], [0, 1, 0, 1, 0, 4, 1, 2, 0, 2, 0], [0, 2, 0, 5, 0, 4, 1, 2, 0, 2, 0], [0, 2, 0, 2, 0, 1, 0, 2, 0, 2, 0], [0, 2, 0, 2, 0, 0, 0, 2, 0, 2, 0], [0, 2, 2, 2, 2, 2, 2, 2, 2, 2, 0], [0, 0, 0, 2, 0, 2, 0, 2, 0, 0, 0], [0, 2, 2, 2, 0, 2, 0, 2, 2, 2, 0], [0, 2, 0, 2, 2, 2, 2, 2, 0, 2, 0], [0, 2, 0, 0, 0, 2, 0, 0, 0, 2, 0], [0, 3, 2, 2, 2, 2, 2, 2, 2, 2, 0], [0, 0, 0, 0, 0, 0, 0, 0, 0, 0, 0]]"
2025-05-12T00:00:08.635491,0,East,89.0,False,False,False,"[[0, 0, 0, 0, 0, 0, 0, 0, 0, 0, 0], [0, 2, 2, 2, 2, 2, 2, 2, 2, 3, 0], [0, 2, 0, 0, 0, 2, 0, 0, 0, 2, 0], [0, 2, 0, 2, 2, 2, 2, 2, 0, 2, 0], [0, 2, 2, 2, 0, 2, 0, 2, 2, 2, 0], [0, 0, 0, 2, 0, 2, 0, 2, 0, 0, 0], [0, 1, 1, 1, 2, 2, 2, 2, 2, 2, 0], [0, 1, 0, 1, 0, 0, 0, 2, 0, 2, 0], [0, 1, 0, 1, 0, 1, 0, 2, 0, 2, 0], [0, 1, 0, 1, 0, 1, 1, 2, 0, 2, 0], [0, 2, 0, 1, 0, 4, 4, 2, 0, 2, 0], [0, 2, 0, 5, 0, 1, 0, 2, 0, 2, 0], [0, 2, 0, 2, 0, 0, 0, 2, 0, 2, 0], [0, 2, 2, 2, 2, 2, 2, 2, 2, 2, 0], [0, 0, 0, 2, 0, 2, 0, 2, 0, 0, 0], [0, 2, 2, 2, 0, 2, 0, 2, 2, 2, 0], [0, 2, 0, 2, 2, 2, 2, 2, 0, 2, 0], [0, 2, 0, 0, 0, 2, 0, 0, 0, 2, 0], [0, 3, 2, 2, 2, 2, 2, 2, 2, 2, 0], [0, 0, 0, 0, 0, 0, 0, 0, 0, 0, 0]]"
2025-05-12T00:00:08.768287,0,East,98.0,False,False,False,"[[0, 0, 0, 0, 0, 0, 0, 0, 0, 0, 0], [0, 2, 2, 2, 2, 2, 2, 2, 2, 3, 0], [0, 2, 0, 0, 0, 2, 0, 0, 0, 2, 0], [0, 2, 0, 2, 2, 2, 2, 2, 0, 2, 0], [0, 2, 2, 2, 0, 2, 0, 2, 2, 2, 0], [0, 0, 0, 2, 0, 2, 0, 2, 0, 0, 0], [0, 1, 1, 1, 2, 2, 2, 2, 2, 2, 0], [0, 1, 0, 1, 0, 0, 0, 2, 0, 2, 0], [0, 1, 0, 1, 0, 1, 0, 2, 0, 2, 0], [0, 1, 0, 1, 0, 1, 1, 2, 0, 2, 0], [0, 2, 0, 1, 0, 1, 1, 4, 0, 2, 0], [0, 2, 0, 1, 0, 4, 0, 2, 0, 2, 0], [0, 2, 0, 5, 0, 0, 0, 2, 0, 2, 0], [0, 2, 2, 2, 2, 2, 2, 2, 2, 2, 0], [0, 0, 0, 2, 0, 2, 0, 2, 0, 0, 0], [0, 2, 2, 2, 0, 2, 0, 2, 2, 2, 0], [0, 2, 0, 2, 2, 2, 2, 2, 0, 2, 0], [0, 2, 0, 0, 0, 2, 0, 0, 0, 2, 0], [0, 3, 2, 2, 2, 2, 2, 2, 2, 2, 0], [0, 0, 0, 0, 0, 0, 0, 0, 0, 0, 0]]"
2025-05-12T00:00:08.905650,0,North,107.0,False,False,False,"[[0, 0, 0, 0, 0, 0, 0, 0, 0, 0, 0], [0, 2, 2, 2, 2, 2, 2, 2, 2, 3, 0], [0, 2, 0, 0, 0, 2, 0, 0, 0, 2, 0], [0, 2, 0, 2, 2, 2, 2, 2, 0, 2, 0], [0, 2, 2, 2, 0, 2, 0, 2, 2, 2, 0], [0, 0, 0, 2, 0, 2, 0, 2, 0, 0, 0], [0, 1, 1, 1, 2, 2, 2, 2, 2, 2, 0], [0, 1, 0, 1, 0, 0, 0, 2, 0, 2, 0], [0, 1, 0, 1, 0, 1, 0, 2, 0, 2, 0], [0, 1, 0, 1, 0, 1, 1, 2, 0, 2, 0], [0, 2, 0, 1, 0, 4, 1, 2, 0, 2, 0], [0, 2, 0, 1, 0, 1, 0, 4, 0, 2, 0], [0, 2, 0, 1, 0, 0, 0, 2, 0, 2, 0], [0, 2, 2, 5, 2, 2, 2, 2, 2, 2, 0], [0, 0, 0, 2, 0, 2, 0, 2, 0, 0, 0], [0, 2, 2, 2, 0, 2, 0, 2, 2, 2, 0], [0, 2, 0, 2, 2, 2, 2, 2, 0, 2, 0], [0, 2, 0, 0, 0, 2, 0, 0, 0, 2, 0], [0, 3, 2, 2, 2, 2, 2, 2, 2, 2, 0], [0, 0, 0, 0, 0, 0, 0, 0, 0, 0, 0]]"
2025-05-12T00:00:09.038582,0,North,116.0,False,False,False,"[[0, 0, 0, 0, 0, 0, 0, 0, 0, 0, 0], [0, 2, 2, 2, 2, 2, 2, 2, 2, 3, 0], [0, 2, 0, 0, 0, 2, 0, 0, 0, 2, 0], [0, 2, 0, 2, 2, 2, 2, 2, 0, 2, 0], [0, 2, 2, 2, 0, 2, 0, 2, 2, 2, 0], [0, 0, 0, 2, 0, 2, 0, 2, 0, 0, 0], [0, 1, 1, 1, 2, 2, 2, 2, 2, 2, 0], [0, 1, 0, 1, 0, 0, 0, 2, 0, 2, 0], [0, 1, 0, 1, 0, 1, 0, 2, 0, 2, 0], [0, 1, 0, 1, 0, 4, 1, 2, 0, 2, 0], [0, 2, 0, 1, 0, 1, 1, 2, 0, 2, 0], [0, 2, 0, 1, 0, 1, 0, 2, 0, 2, 0], [0, 2, 0, 1, 0, 0, 0, 4, 0, 2, 0], [0, 2, 2, 1, 5, 2, 2, 2, 2, 2, 0], [0, 0, 0, 2, 0, 2, 0, 2, 0, 0, 0], [0, 2, 2, 2, 0, 2, 0, 2, 2, 2, 0], [0, 2, 0, 2, 2, 2, 2, 2, 0, 2, 0], [0, 2, 0, 0, 0, 2, 0, 0, 0, 2, 0], [0, 3, 2, 2, 2, 2, 2, 2, 2, 2, 0], [0, 0, 0, 0, 0, 0, 0, 0, 0, 0, 0]]"
2025-05-12T00:00:09.188589,0,East,125.0,False,False,False,"[[0, 0, 0, 0, 0, 0, 0, 0, 0, 0, 0], [0, 2, 2, 2, 2, 2, 2, 2, 2, 3, 0], [0, 2, 0, 0, 0, 2, 0, 0, 0, 2, 0], [0, 2, 0, 2, 2, 2, 2, 2, 0, 2, 0], [0, 2, 2, 2, 0, 2, 0, 2, 2, 2, 0], [0, 0, 0, 2, 0, 2, 0, 2, 0, 0, 0], [0, 1, 1, 1, 2, 2, 2, 2, 2, 2, 0], [0, 1, 0, 1, 0, 0, 0, 2, 0, 2, 0], [0, 1, 0, 1, 0, 4, 0, 2, 0, 2, 0], [0, 1, 0, 1, 0, 1, 1, 2, 0, 2, 0], [0, 2, 0, 1, 0, 1, 1, 2, 0, 2, 0], [0, 2, 0, 1, 0, 1, 0, 2, 0, 2, 0], [0, 2, 0, 1, 0, 0, 0, 2, 0, 2, 0], [0, 2, 2, 1, 1, 5, 2, 4, 2, 2, 0], [0, 0, 0, 2, 0, 2, 0, 2, 0, 0, 0], [0, 2, 2, 2, 0, 2, 0, 2, 2, 2, 0], [0, 2, 0, 2, 2, 2, 2, 2, 0, 2, 0], [0, 2, 0, 0, 0, 2, 0, 0, 0, 2, 0], [0, 3, 2, 2, 2, 2, 2, 2, 2, 2, 0], [0, 0, 0, 0, 0, 0, 0, 0, 0, 0, 0]]"
2025-05-12T00:00:09.304499,0,East,134.0,False,False,False,"[[0, 0, 0, 0, 0, 0, 0, 0, 0, 0, 0], [0, 2, 2, 2, 2, 2, 2, 2, 2, 3, 0], [0, 2, 0, 0, 0, 2, 0, 0, 0, 2, 0], [0, 2, 0, 2, 2, 2, 2, 2, 0, 2, 0], [0, 2, 2, 2, 0, 2, 0, 2, 2, 2, 0], [0, 0, 0, 2, 0, 2, 0, 2, 0, 0, 0], [0, 1, 1, 1, 2, 2, 2, 2, 2, 2, 0], [0, 1, 0, 1, 0, 0, 0, 2, 0, 2, 0], [0, 1, 0, 1, 0, 1, 0, 2, 0, 2, 0], [0, 1, 0, 1, 0, 4, 1, 2, 0, 2, 0], [0, 2, 0, 1, 0, 1, 1, 2, 0, 2, 0], [0, 2, 0, 1, 0, 1, 0, 2, 0, 2, 0], [0, 2, 0, 1, 0, 0, 0, 2, 0, 2, 0], [0, 2, 2, 1, 1, 1, 4, 2, 2, 2, 0], [0, 0, 0, 2, 0, 5, 0, 2, 0, 0, 0], [0, 2, 2, 2, 0, 2, 0, 2, 2, 2, 0], [0, 2, 0, 2, 2, 2, 2, 2, 0, 2, 0], [0, 2, 0, 0, 0, 2, 0, 0, 0, 2, 0], [0, 3, 2, 2, 2, 2, 2, 2, 2, 2, 0], [0, 0, 0, 0, 0, 0, 0, 0, 0, 0, 0]]"
2025-05-12T00:00:09.437171,0,East,143.0,False,False,False,"[[0, 0, 0, 0, 0, 0, 0, 0, 0, 0, 0], [0, 2, 2, 2, 2, 2, 2, 2, 2, 3, 0], [0, 2, 0, 0, 0, 2, 0, 0, 0, 2, 0], [0, 2, 0, 2, 2, 2, 2, 2, 0, 2, 0], [0, 2, 2, 2, 0, 2, 0, 2, 2, 2, 0], [0, 0, 0, 2, 0, 2, 0, 2, 0, 0, 0], [0, 1, 1, 1, 2, 2, 2, 2, 2, 2, 0], [0, 1, 0, 1, 0, 0, 0, 2, 0, 2, 0], [0, 1, 0, 1, 0, 1, 0, 2, 0, 2, 0], [0, 1, 0, 1, 0, 1, 1, 2, 0, 2, 0], [0, 2, 0, 1, 0, 4, 1, 2, 0, 2, 0], [0, 2, 0, 1, 0, 1, 0, 2, 0, 2, 0], [0, 2, 0, 1, 0, 0, 0, 2, 0, 2, 0], [0, 2, 2, 1, 1, 4, 2, 2, 2, 2, 0], [0, 0, 0, 2, 0, 1, 0, 2, 0, 0, 0], [0, 2, 2, 2, 0, 5, 0, 2, 2, 2, 0], [0, 2, 0, 2, 2, 2, 2, 2, 0, 2, 0], [0, 2, 0, 0, 0, 2, 0, 0, 0, 2, 0], [0, 3, 2, 2, 2, 2, 2, 2, 2, 2, 0], [0, 0, 0, 0, 0, 0, 0, 0, 0, 0, 0]]"
2025-05-12T00:00:09.578288,0,East,152.0,False,False,False,"[[0, 0, 0, 0, 0, 0, 0, 0, 0, 0, 0], [0, 2, 2, 2, 2, 2, 2, 2, 2, 3, 0], [0, 2, 0, 0, 0, 2, 0, 0, 0, 2, 0], [0, 2, 0, 2, 2, 2, 2, 2, 0, 2, 0], [0, 2, 2, 2, 0, 2, 0, 2, 2, 2, 0], [0, 0, 0, 2, 0, 2, 0, 2, 0, 0, 0], [0, 1, 1, 1, 2, 2, 2, 2, 2, 2, 0], [0, 1, 0, 1, 0, 0, 0, 2, 0, 2, 0], [0, 1, 0, 1, 0, 1, 0, 2, 0, 2, 0], [0, 1, 0, 1, 0, 1, 1, 2, 0, 2, 0], [0, 2, 0, 1, 0, 1, 1, 2, 0, 2, 0], [0, 2, 0, 1, 0, 4, 0, 2, 0, 2, 0], [0, 2, 0, 1, 0, 0, 0, 2, 0, 2, 0], [0, 2, 2, 1, 1, 1, 2, 2, 2, 2, 0], [0, 0, 0, 2, 0, 4, 0, 2, 0, 0, 0], [0, 2, 2, 2, 0, 1, 0, 2, 2, 2, 0], [0, 2, 0, 2, 2, 5, 2, 2, 0, 2, 0], [0, 2, 0, 0, 0, 2, 0, 0, 0, 2, 0], [0, 3, 2, 2, 2, 2, 2, 2, 2, 2, 0], [0, 0, 0, 0, 0, 0, 0, 0, 0, 0, 0]]"
2025-05-12T00:00:09.707745,0,East,161.0,False,False,False,"[[0, 0, 0, 0, 0, 0, 0, 0, 0, 0, 0], [0, 2, 2, 2, 2, 2, 2, 2, 2, 3, 0], [0, 2, 0, 0, 0, 2, 0, 0, 0, 2, 0], [0, 2, 0, 2, 2, 2, 2, 2, 0, 2, 0], [0, 2, 2, 2, 0, 2, 0, 2, 2, 2, 0], [0, 0, 0, 2, 0, 2, 0, 2, 0, 0, 0], [0, 1, 1, 1, 2, 2, 2, 2, 2, 2, 0], [0, 1, 0, 1, 0, 0, 0, 2, 0, 2, 0], [0, 1, 0, 1, 0, 1, 0, 2, 0, 2, 0], [0, 1, 0, 1, 0, 1, 1, 2, 0, 2, 0], [0, 2, 0, 1, 0, 4, 1, 2, 0, 2, 0], [0, 2, 0, 1, 0, 1, 0, 2, 0, 2, 0], [0, 2, 0, 1, 0, 0, 0, 2, 0, 2, 0], [0, 2, 2, 1, 1, 1, 2, 2, 2, 2, 0], [0, 0, 0, 2, 0, 1, 0, 2, 0, 0, 0], [0, 2, 2, 2, 0, 4, 0, 2, 2, 2, 0], [0, 2, 0, 2, 2, 1, 2, 2, 0, 2, 0], [0, 2, 0, 0, 0, 5, 0, 0, 0, 2, 0], [0, 3, 2, 2, 2, 2, 2, 2, 2, 2, 0], [0, 0, 0, 0, 0, 0, 0, 0, 0, 0, 0]]"
2025-05-12T00:00:09.848526,0,Stop,170.0,False,False,False,"[[0, 0, 0, 0, 0, 0, 0, 0, 0, 0, 0], [0, 2, 2, 2, 2, 2, 2, 2, 2, 3, 0], [0, 2, 0, 0, 0, 2, 0, 0, 0, 2, 0], [0, 2, 0, 2, 2, 2, 2, 2, 0, 2, 0], [0, 2, 2, 2, 0, 2, 0, 2, 2, 2, 0], [0, 0, 0, 2, 0, 2, 0, 2, 0, 0, 0], [0, 1, 1, 1, 2, 2, 2, 2, 2, 2, 0], [0, 1, 0, 1, 0, 0, 0, 2, 0, 2, 0], [0, 1, 0, 1, 0, 1, 0, 2, 0, 2, 0], [0, 1, 0, 1, 0, 1, 1, 2, 0, 2, 0], [0, 2, 0, 1, 0, 1, 4, 2, 0, 2, 0], [0, 2, 0, 1, 0, 1, 0, 2, 0, 2, 0], [0, 2, 0, 1, 0, 0, 0, 2, 0, 2, 0], [0, 2, 2, 1, 1, 1, 2, 2, 2, 2, 0], [0, 0, 0, 2, 0, 1, 0, 2, 0, 0, 0], [0, 2, 2, 2, 0, 1, 0, 2, 2, 2, 0], [0, 2, 0, 2, 2, 4, 2, 2, 0, 2, 0], [0, 2, 0, 0, 0, 1, 0, 0, 0, 2, 0], [0, 3, 2, 2, 2, 5, 2, 2, 2, 2, 0], [0, 0, 0, 0, 0, 0, 0, 0, 0, 0, 0]]"
2025-05-12T00:00:09.979020,0,North,169.0,False,False,False,"[[0, 0, 0, 0, 0, 0, 0, 0, 0, 0, 0], [0, 2, 2, 2, 2, 2, 2, 2, 2, 3, 0], [0, 2, 0, 0, 0, 2, 0, 0, 0, 2, 0], [0, 2, 0, 2, 2, 2, 2, 2, 0, 2, 0], [0, 2, 2, 2, 0, 2, 0, 2, 2, 2, 0], [0, 0, 0, 2, 0, 2, 0, 2, 0, 0, 0], [0, 1, 1, 1, 2, 2, 2, 2, 2, 2, 0], [0, 1, 0, 1, 0, 0, 0, 2, 0, 2, 0], [0, 1, 0, 1, 0, 1, 0, 2, 0, 2, 0], [0, 1, 0, 1, 0, 1, 1, 2, 0, 2, 0], [0, 2, 0, 1, 0, 1, 1, 4, 0, 2, 0], [0, 2, 0, 1, 0, 1, 0, 2, 0, 2, 0], [0, 2, 0, 1, 0, 0, 0, 2, 0, 2, 0], [0, 2, 2, 1, 1, 1, 2, 2, 2, 2, 0], [0, 0, 0, 2, 0, 1, 0, 2, 0, 0, 0], [0, 2, 2, 2, 0, 1, 0, 2, 2, 2, 0], [0, 2, 0, 2, 4, 1, 2, 2, 0, 2, 0], [0, 2, 0, 0, 0, 1, 0, 0, 0, 2, 0], [0, 3, 2, 2, 2, 5, 2, 2, 2, 2, 0], [0, 0, 0, 0, 0, 0, 0, 0, 0, 0, 0]]"
2025-05-12T00:00:10.122931,0,North,178.0,False,False,False,"[[0, 0, 0, 0, 0, 0, 0, 0, 0, 0, 0], [0, 2, 2, 2, 2, 2, 2, 2, 2, 3, 0], [0, 2, 0, 0, 0, 2, 0, 0, 0, 2, 0], [0, 2, 0, 2, 2, 2, 2, 2, 0, 2, 0], [0, 2, 2, 2, 0, 2, 0, 2, 2, 2, 0], [0, 0, 0, 2, 0, 2, 0, 2, 0, 0, 0], [0, 1, 1, 1, 2, 2, 2, 2, 2, 2, 0], [0, 1, 0, 1, 0, 0, 0, 2, 0, 2, 0], [0, 1, 0, 1, 0, 1, 0, 2, 0, 2, 0], [0, 1, 0, 1, 0, 1, 1, 2, 0, 2, 0], [0, 2, 0, 1, 0, 1, 1, 2, 0, 2, 0], [0, 2, 0, 1, 0, 1, 0, 4, 0, 2, 0], [0, 2, 0, 1, 0, 0, 0, 2, 0, 2, 0], [0, 2, 2, 1, 1, 1, 2, 2, 2, 2, 0], [0, 0, 0, 2, 0, 1, 0, 2, 0, 0, 0], [0, 2, 2, 2, 0, 1, 0, 2, 2, 2, 0], [0, 2, 0, 4, 2, 1, 2, 2, 0, 2, 0], [0, 2, 0, 0, 0, 1, 0, 0, 0, 2, 0], [0, 3, 2, 2, 2, 1, 5, 2, 2, 2, 0], [0, 0, 0, 0, 0, 0, 0, 0, 0, 0, 0]]"
2025-05-12T00:00:10.253998,0,North,187.0,False,False,False,"[[0, 0, 0, 0, 0, 0, 0, 0, 0, 0, 0], [0, 2, 2, 2, 2, 2, 2, 2, 2, 3, 0], [0, 2, 0, 0, 0, 2, 0, 0, 0, 2, 0], [0, 2, 0, 2, 2, 2, 2, 2, 0, 2, 0], [0, 2, 2, 2, 0, 2, 0, 2, 2, 2, 0], [0, 0, 0, 2, 0, 2, 0, 2, 0, 0, 0], [0, 1, 1, 1, 2, 2, 2, 2, 2, 2, 0], [0, 1, 0, 1, 0, 0, 0, 2, 0, 2, 0], [0, 1, 0, 1, 0, 1, 0, 2, 0, 2, 0], [0, 1, 0, 1, 0, 1, 1, 2, 0, 2, 0], [0, 2, 0, 1, 0, 1, 1, 2, 0, 2, 0], [0, 2, 0, 1, 0, 1, 0, 2, 0, 2, 0], [0, 2, 0, 1, 0, 0, 0, 4, 0, 2, 0], [0, 2, 2, 1, 1, 1, 2, 2, 2, 2, 0], [0, 0, 0, 2, 0, 1, 0, 2, 0, 0, 0], [0, 2, 2, 4, 0, 1, 0, 2, 2, 2, 0], [0, 2, 0, 2, 2, 1, 2, 2, 0, 2, 0], [0, 2, 0, 0, 0, 1, 0, 0, 0, 2, 0], [0, 3, 2, 2, 2, 1, 1, 5, 2, 2, 0], [0, 0, 0, 0, 0, 0, 0, 0, 0, 0, 0]]"
2025-05-12T00:00:10.386752,0,North,196.0,False,False,False,"[[0, 0, 0, 0, 0, 0, 0, 0, 0, 0, 0], [0, 2, 2, 2, 2, 2, 2, 2, 2, 3, 0], [0, 2, 0, 0, 0, 2, 0, 0, 0, 2, 0], [0, 2, 0, 2, 2, 2, 2, 2, 0, 2, 0], [0, 2, 2, 2, 0, 2, 0, 2, 2, 2, 0], [0, 0, 0, 2, 0, 2, 0, 2, 0, 0, 0], [0, 1, 1, 1, 2, 2, 2, 2, 2, 2, 0], [0, 1, 0, 1, 0, 0, 0, 2, 0, 2, 0], [0, 1, 0, 1, 0, 1, 0, 2, 0, 2, 0], [0, 1, 0, 1, 0, 1, 1, 2, 0, 2, 0], [0, 2, 0, 1, 0, 1, 1, 2, 0, 2, 0], [0, 2, 0, 1, 0, 1, 0, 2, 0, 2, 0], [0, 2, 0, 1, 0, 0, 0, 2, 0, 2, 0], [0, 2, 2, 1, 1, 1, 2, 4, 2, 2, 0], [0, 0, 0, 2, 0, 1, 0, 2, 0, 0, 0], [0, 2, 4, 2, 0, 1, 0, 2, 2, 2, 0], [0, 2, 0, 2, 2, 1, 2, 2, 0, 2, 0], [0, 2, 0, 0, 0, 1, 0, 0, 0, 2, 0], [0, 3, 2, 2, 2, 1, 1, 1, 5, 2, 0], [0, 0, 0, 0, 0, 0, 0, 0, 0, 0, 0]]"
2025-05-12T00:00:10.515824,0,West,205.0,False,False,False,"[[0, 0, 0, 0, 0, 0, 0, 0, 0, 0, 0], [0, 2, 2, 2, 2, 2, 2, 2, 2, 3, 0], [0, 2, 0, 0, 0, 2, 0, 0, 0, 2, 0], [0, 2, 0, 2, 2, 2, 2, 2, 0, 2, 0], [0, 2, 2, 2, 0, 2, 0, 2, 2, 2, 0], [0, 0, 0, 2, 0, 2, 0, 2, 0, 0, 0], [0, 1, 1, 1, 2, 2, 2, 2, 2, 2, 0], [0, 1, 0, 1, 0, 0, 0, 2, 0, 2, 0], [0, 1, 0, 1, 0, 1, 0, 2, 0, 2, 0], [0, 1, 0, 1, 0, 1, 1, 2, 0, 2, 0], [0, 2, 0, 1, 0, 1, 1, 2, 0, 2, 0], [0, 2, 0, 1, 0, 1, 0, 2, 0, 2, 0], [0, 2, 0, 1, 0, 0, 0, 2, 0, 2, 0], [0, 2, 2, 1, 1, 1, 2, 2, 4, 2, 0], [0, 0, 0, 2, 0, 1, 0, 2, 0, 0, 0], [0, 4, 2, 2, 0, 1, 0, 2, 2, 2, 0], [0, 2, 0, 2, 2, 1, 2, 2, 0, 2, 0], [0, 2, 0, 0, 0, 1, 0, 0, 0, 2, 0], [0, 3, 2, 2, 2, 1, 1, 1, 1, 5, 0], [0, 0, 0, 0, 0, 0, 0, 0, 0, 0, 0]]"
2025-05-12T00:00:10.664586,0,West,214.0,False,False,False,"[[0, 0, 0, 0, 0, 0, 0, 0, 0, 0, 0], [0, 2, 2, 2, 2, 2, 2, 2, 2, 3, 0], [0, 2, 0, 0, 0, 2, 0, 0, 0, 2, 0], [0, 2, 0, 2, 2, 2, 2, 2, 0, 2, 0], [0, 2, 2, 2, 0, 2, 0, 2, 2, 2, 0], [0, 0, 0, 2, 0, 2, 0, 2, 0, 0, 0], [0, 1, 1, 1, 2, 2, 2, 2, 2, 2, 0], [0, 1, 0, 1, 0, 0, 0, 2, 0, 2, 0], [0, 1, 0, 1, 0, 1, 0, 2, 0, 2, 0], [0, 1, 0, 1, 0, 1, 1, 2, 0, 2, 0], [0, 2, 0, 1, 0, 1, 1, 2, 0, 2, 0], [0, 2, 0, 1, 0, 1, 0, 2, 0, 2, 0], [0, 2, 0, 1, 0, 0, 0, 2, 0, 2, 0], [0, 2, 2, 1, 1, 1, 2, 2, 2, 4, 0], [0, 0, 0, 2, 0, 1, 0, 2, 0, 0, 0], [0, 2, 2, 2, 0, 1, 0, 2, 2, 2, 0], [0, 4, 0, 2, 2, 1, 2, 2, 0, 2, 0], [0, 2, 0, 0, 0, 1, 0, 0, 0, 5, 0], [0, 3, 2, 2, 2, 1, 1, 1, 1, 1, 0], [0, 0, 0, 0, 0, 0, 0, 0, 0, 0, 0]]"
2025-05-12T00:00:10.800893,0,East,223.0,False,False,False,"[[0, 0, 0, 0, 0, 0, 0, 0, 0, 0, 0], [0, 2, 2, 2, 2, 2, 2, 2, 2, 3, 0], [0, 2, 0, 0, 0, 2, 0, 0, 0, 2, 0], [0, 2, 0, 2, 2, 2, 2, 2, 0, 2, 0], [0, 2, 2, 2, 0, 2, 0, 2, 2, 2, 0], [0, 0, 0, 2, 0, 2, 0, 2, 0, 0, 0], [0, 1, 1, 1, 2, 2, 2, 2, 2, 2, 0], [0, 1, 0, 1, 0, 0, 0, 2, 0, 2, 0], [0, 1, 0, 1, 0, 1, 0, 2, 0, 2, 0], [0, 1, 0, 1, 0, 1, 1, 2, 0, 2, 0], [0, 2, 0, 1, 0, 1, 1, 2, 0, 2, 0], [0, 2, 0, 1, 0, 1, 0, 2, 0, 2, 0], [0, 2, 0, 1, 0, 0, 0, 2, 0, 4, 0], [0, 2, 2, 1, 1, 1, 2, 2, 2, 2, 0], [0, 0, 0, 2, 0, 1, 0, 2, 0, 0, 0], [0, 2, 2, 2, 0, 1, 0, 2, 2, 2, 0], [0, 2, 0, 2, 2, 1, 2, 2, 0, 5, 0], [0, 4, 0, 0, 0, 1, 0, 0, 0, 1, 0], [0, 3, 2, 2, 2, 1, 1, 1, 1, 1, 0], [0, 0, 0, 0, 0, 0, 0, 0, 0, 0, 0]]"
2025-05-12T00:00:10.934281,0,East,222.0,False,False,False,"[[0, 0, 0, 0, 0, 0, 0, 0, 0, 0, 0], [0, 2, 2, 2, 2, 2, 2, 2, 2, 3, 0], [0, 2, 0, 0, 0, 2, 0, 0, 0, 2, 0], [0, 2, 0, 2, 2, 2, 2, 2, 0, 2, 0], [0, 2, 2, 2, 0, 2, 0, 2, 2, 2, 0], [0, 0, 0, 2, 0, 2, 0, 2, 0, 0, 0], [0, 1, 1, 1, 2, 2, 2, 2, 2, 2, 0], [0, 1, 0, 1, 0, 0, 0, 2, 0, 2, 0], [0, 1, 0, 1, 0, 1, 0, 2, 0, 2, 0], [0, 1, 0, 1, 0, 1, 1, 2, 0, 2, 0], [0, 2, 0, 1, 0, 1, 1, 2, 0, 2, 0], [0, 2, 0, 1, 0, 1, 0, 2, 0, 4, 0], [0, 2, 0, 1, 0, 0, 0, 2, 0, 2, 0], [0, 2, 2, 1, 1, 1, 2, 2, 2, 2, 0], [0, 0, 0, 2, 0, 1, 0, 2, 0, 0, 0], [0, 2, 2, 2, 0, 1, 0, 2, 2, 2, 0], [0, 2, 0, 2, 2, 1, 2, 2, 0, 1, 0], [0, 2, 0, 0, 0, 1, 0, 0, 0, 5, 0], [0, 4, 2, 2, 2, 1, 1, 1, 1, 1, 0], [0, 0, 0, 0, 0, 0, 0, 0, 0, 0, 0]]"
2025-05-12T00:00:11.071902,0,Stop,221.0,False,False,False,"[[0, 0, 0, 0, 0, 0, 0, 0, 0, 0, 0], [0, 2, 2, 2, 2, 2, 2, 2, 2, 3, 0], [0, 2, 0, 0, 0, 2, 0, 0, 0, 2, 0], [0, 2, 0, 2, 2, 2, 2, 2, 0, 2, 0], [0, 2, 2, 2, 0, 2, 0, 2, 2, 2, 0], [0, 0, 0, 2, 0, 2, 0, 2, 0, 0, 0], [0, 1, 1, 1, 2, 2, 2, 2, 2, 2, 0], [0, 1, 0, 1, 0, 0, 0, 2, 0, 2, 0], [0, 1, 0, 1, 0, 1, 0, 2, 0, 2, 0], [0, 1, 0, 1, 0, 1, 1, 2, 0, 2, 0], [0, 2, 0, 1, 0, 1, 1, 2, 0, 4, 0], [0, 2, 0, 1, 0, 1, 0, 2, 0, 2, 0], [0, 2, 0, 1, 0, 0, 0, 2, 0, 2, 0], [0, 2, 2, 1, 1, 1, 2, 2, 2, 2, 0], [0, 0, 0, 2, 0, 1, 0, 2, 0, 0, 0], [0, 2, 2, 2, 0, 1, 0, 2, 2, 2, 0], [0, 2, 0, 2, 2, 1, 2, 2, 0, 1, 0], [0, 2, 0, 0, 0, 1, 0, 0, 0, 1, 0], [0, 3, 4, 2, 2, 1, 1, 1, 1, 5, 0], [0, 0, 0, 0, 0, 0, 0, 0, 0, 0, 0]]"
2025-05-12T00:00:11.207004,0,West,220.0,False,False,False,"[[0, 0, 0, 0, 0, 0, 0, 0, 0, 0, 0], [0, 2, 2, 2, 2, 2, 2, 2, 2, 3, 0], [0, 2, 0, 0, 0, 2, 0, 0, 0, 2, 0], [0, 2, 0, 2, 2, 2, 2, 2, 0, 2, 0], [0, 2, 2, 2, 0, 2, 0, 2, 2, 2, 0], [0, 0, 0, 2, 0, 2, 0, 2, 0, 0, 0], [0, 1, 1, 1, 2, 2, 2, 2, 2, 2, 0], [0, 1, 0, 1, 0, 0, 0, 2, 0, 2, 0], [0, 1, 0, 1, 0, 1, 0, 2, 0, 2, 0], [0, 1, 0, 1, 0, 1, 1, 2, 0, 4, 0], [0, 2, 0, 1, 0, 1, 1, 2, 0, 2, 0], [0, 2, 0, 1, 0, 1, 0, 2, 0, 2, 0], [0, 2, 0, 1, 0, 0, 0, 2, 0, 2, 0], [0, 2, 2, 1, 1, 1, 2, 2, 2, 2, 0], [0, 0, 0, 2, 0, 1, 0, 2, 0, 0, 0], [0, 2, 2, 2, 0, 1, 0, 2, 2, 2, 0], [0, 2, 0, 2, 2, 1, 2, 2, 0, 1, 0], [0, 2, 0, 0, 0, 1, 0, 0, 0, 1, 0], [0, 3, 2, 4, 2, 1, 1, 1, 1, 5, 0], [0, 0, 0, 0, 0, 0, 0, 0, 0, 0, 0]]"
2025-05-12T00:00:12.353771,0,West,219.0,False,False,False,"[[0, 0, 0, 0, 0, 0, 0, 0, 0, 0, 0], [0, 2, 2, 2, 2, 2, 2, 2, 2, 3, 0], [0, 2, 0, 0, 0, 2, 0, 0, 0, 2, 0], [0, 2, 0, 2, 2, 2, 2, 2, 0, 2, 0], [0, 2, 2, 2, 0, 2, 0, 2, 2, 2, 0], [0, 0, 0, 2, 0, 2, 0, 2, 0, 0, 0], [0, 1, 1, 1, 2, 2, 2, 2, 2, 2, 0], [0, 1, 0, 1, 0, 0, 0, 2, 0, 2, 0], [0, 1, 0, 1, 0, 1, 0, 2, 0, 4, 0], [0, 1, 0, 1, 0, 1, 1, 2, 0, 2, 0], [0, 2, 0, 1, 0, 1, 1, 2, 0, 2, 0], [0, 2, 0, 1, 0, 1, 0, 2, 0, 2, 0], [0, 2, 0, 1, 0, 0, 0, 2, 0, 2, 0], [0, 2, 2, 1, 1, 1, 2, 2, 2, 2, 0], [0, 0, 0, 2, 0, 1, 0, 2, 0, 0, 0], [0, 2, 2, 2, 0, 1, 0, 2, 2, 2, 0], [0, 2, 0, 2, 2, 1, 2, 2, 0, 1, 0], [0, 2, 0, 0, 0, 1, 0, 0, 0, 5, 0], [0, 3, 2, 2, 4, 1, 1, 1, 1, 1, 0], [0, 0, 0, 0, 0, 0, 0, 0, 0, 0, 0]]"
2025-05-12T00:00:12.468661,0,West,218.0,False,False,False,"[[0, 0, 0, 0, 0, 0, 0, 0, 0, 0, 0], [0, 2, 2, 2, 2, 2, 2, 2, 2, 3, 0], [0, 2, 0, 0, 0, 2, 0, 0, 0, 2, 0], [0, 2, 0, 2, 2, 2, 2, 2, 0, 2, 0], [0, 2, 2, 2, 0, 2, 0, 2, 2, 2, 0], [0, 0, 0, 2, 0, 2, 0, 2, 0, 0, 0], [0, 1, 1, 1, 2, 2, 2, 2, 2, 2, 0], [0, 1, 0, 1, 0, 0, 0, 2, 0, 4, 0], [0, 1, 0, 1, 0, 1, 0, 2, 0, 2, 0], [0, 1, 0, 1, 0, 1, 1, 2, 0, 2, 0], [0, 2, 0, 1, 0, 1, 1, 2, 0, 2, 0], [0, 2, 0, 1, 0, 1, 0, 2, 0, 2, 0], [0, 2, 0, 1, 0, 0, 0, 2, 0, 2, 0], [0, 2, 2, 1, 1, 1, 2, 2, 2, 2, 0], [0, 0, 0, 2, 0, 1, 0, 2, 0, 0, 0], [0, 2, 2, 2, 0, 1, 0, 2, 2, 2, 0], [0, 2, 0, 2, 2, 1, 2, 2, 0, 5, 0], [0, 2, 0, 0, 0, 1, 0, 0, 0, 1, 0], [0, 3, 2, 2, 2, 4, 1, 1, 1, 1, 0], [0, 0, 0, 0, 0, 0, 0, 0, 0, 0, 0]]"
2025-05-12T00:00:12.592391,0,South,227.0,False,False,False,"[[0, 0, 0, 0, 0, 0, 0, 0, 0, 0, 0], [0, 2, 2, 2, 2, 2, 2, 2, 2, 3, 0], [0, 2, 0, 0, 0, 2, 0, 0, 0, 2, 0], [0, 2, 0, 2, 2, 2, 2, 2, 0, 2, 0], [0, 2, 2, 2, 0, 2, 0, 2, 2, 2, 0], [0, 0, 0, 2, 0, 2, 0, 2, 0, 0, 0], [0, 1, 1, 1, 2, 2, 2, 2, 2, 4, 0], [0, 1, 0, 1, 0, 0, 0, 2, 0, 2, 0], [0, 1, 0, 1, 0, 1, 0, 2, 0, 2, 0], [0, 1, 0, 1, 0, 1, 1, 2, 0, 2, 0], [0, 2, 0, 1, 0, 1, 1, 2, 0, 2, 0], [0, 2, 0, 1, 0, 1, 0, 2, 0, 2, 0], [0, 2, 0, 1, 0, 0, 0, 2, 0, 2, 0], [0, 2, 2, 1, 1, 1, 2, 2, 2, 2, 0], [0, 0, 0, 2, 0, 1, 0, 2, 0, 0, 0], [0, 2, 2, 2, 0, 1, 0, 2, 2, 5, 0], [0, 2, 0, 2, 2, 1, 2, 2, 0, 1, 0], [0, 2, 0, 0, 0, 1, 0, 0, 0, 1, 0], [0, 3, 2, 2, 2, 1, 4, 1, 1, 1, 0], [0, 0, 0, 0, 0, 0, 0, 0, 0, 0, 0]]"
2025-05-12T00:00:12.739605,0,South,236.0,False,False,False,"[[0, 0, 0, 0, 0, 0, 0, 0, 0, 0, 0], [0, 2, 2, 2, 2, 2, 2, 2, 2, 3, 0], [0, 2, 0, 0, 0, 2, 0, 0, 0, 2, 0], [0, 2, 0, 2, 2, 2, 2, 2, 0, 2, 0], [0, 2, 2, 2, 0, 2, 0, 2, 2, 2, 0], [0, 0, 0, 2, 0, 2, 0, 2, 0, 0, 0], [0, 1, 1, 1, 2, 2, 2, 2, 4, 2, 0], [0, 1, 0, 1, 0, 0, 0, 2, 0, 2, 0], [0, 1, 0, 1, 0, 1, 0, 2, 0, 2, 0], [0, 1, 0, 1, 0, 1, 1, 2, 0, 2, 0], [0, 2, 0, 1, 0, 1, 1, 2, 0, 2, 0], [0, 2, 0, 1, 0, 1, 0, 2, 0, 2, 0], [0, 2, 0, 1, 0, 0, 0, 2, 0, 2, 0], [0, 2, 2, 1, 1, 1, 2, 2, 2, 2, 0], [0, 0, 0, 2, 0, 1, 0, 2, 0, 0, 0], [0, 2, 2, 2, 0, 1, 0, 2, 5, 1, 0], [0, 2, 0, 2, 2, 1, 2, 2, 0, 1, 0], [0, 2, 0, 0, 0, 1, 0, 0, 0, 1, 0], [0, 3, 2, 2, 2, 1, 1, 4, 1, 1, 0], [0, 0, 0, 0, 0, 0, 0, 0, 0, 0, 0]]"
2025-05-12T00:00:12.875256,0,East,245.0,False,False,False,"[[0, 0, 0, 0, 0, 0, 0, 0, 0, 0, 0], [0, 2, 2, 2, 2, 2, 2, 2, 2, 3, 0], [0, 2, 0, 0, 0, 2, 0, 0, 0, 2, 0], [0, 2, 0, 2, 2, 2, 2, 2, 0, 2, 0], [0, 2, 2, 2, 0, 2, 0, 2, 2, 2, 0], [0, 0, 0, 2, 0, 2, 0, 2, 0, 0, 0], [0, 1, 1, 1, 2, 2, 2, 4, 2, 2, 0], [0, 1, 0, 1, 0, 0, 0, 2, 0, 2, 0], [0, 1, 0, 1, 0, 1, 0, 2, 0, 2, 0], [0, 1, 0, 1, 0, 1, 1, 2, 0, 2, 0], [0, 2, 0, 1, 0, 1, 1, 2, 0, 2, 0], [0, 2, 0, 1, 0, 1, 0, 2, 0, 2, 0], [0, 2, 0, 1, 0, 0, 0, 2, 0, 2, 0], [0, 2, 2, 1, 1, 1, 2, 2, 2, 2, 0], [0, 0, 0, 2, 0, 1, 0, 2, 0, 0, 0], [0, 2, 2, 2, 0, 1, 0, 5, 1, 1, 0], [0, 2, 0, 2, 2, 1, 2, 2, 0, 1, 0], [0, 2, 0, 0, 0, 1, 0, 0, 0, 1, 0], [0, 3, 2, 2, 2, 1, 1, 1, 4, 1, 0], [0, 0, 0, 0, 0, 0, 0, 0, 0, 0, 0]]"
2025-05-12T00:00:12.998778,0,Stop,254.0,False,False,False,"[[0, 0, 0, 0, 0, 0, 0, 0, 0, 0, 0], [0, 2, 2, 2, 2, 2, 2, 2, 2, 3, 0], [0, 2, 0, 0, 0, 2, 0, 0, 0, 2, 0], [0, 2, 0, 2, 2, 2, 2, 2, 0, 2, 0], [0, 2, 2, 2, 0, 2, 0, 2, 2, 2, 0], [0, 0, 0, 2, 0, 2, 0, 2, 0, 0, 0], [0, 1, 1, 1, 2, 2, 4, 2, 2, 2, 0], [0, 1, 0, 1, 0, 0, 0, 2, 0, 2, 0], [0, 1, 0, 1, 0, 1, 0, 2, 0, 2, 0], [0, 1, 0, 1, 0, 1, 1, 2, 0, 2, 0], [0, 2, 0, 1, 0, 1, 1, 2, 0, 2, 0], [0, 2, 0, 1, 0, 1, 0, 2, 0, 2, 0], [0, 2, 0, 1, 0, 0, 0, 2, 0, 2, 0], [0, 2, 2, 1, 1, 1, 2, 2, 2, 2, 0], [0, 0, 0, 2, 0, 1, 0, 2, 0, 0, 0], [0, 2, 2, 2, 0, 1, 0, 1, 1, 1, 0], [0, 2, 0, 2, 2, 1, 2, 5, 0, 1, 0], [0, 2, 0, 0, 0, 1, 0, 0, 0, 1, 0], [0, 3, 2, 2, 2, 1, 1, 1, 1, 4, 0], [0, 0, 0, 0, 0, 0, 0, 0, 0, 0, 0]]"
2025-05-12T00:00:13.134009,0,South,253.0,False,False,False,"[[0, 0, 0, 0, 0, 0, 0, 0, 0, 0, 0], [0, 2, 2, 2, 2, 2, 2, 2, 2, 3, 0], [0, 2, 0, 0, 0, 2, 0, 0, 0, 2, 0], [0, 2, 0, 2, 2, 2, 2, 2, 0, 2, 0], [0, 2, 2, 2, 0, 2, 0, 2, 2, 2, 0], [0, 0, 0, 2, 0, 2, 0, 2, 0, 0, 0], [0, 1, 1, 1, 2, 4, 2, 2, 2, 2, 0], [0, 1, 0, 1, 0, 0, 0, 2, 0, 2, 0], [0, 1, 0, 1, 0, 1, 0, 2, 0, 2, 0], [0, 1, 0, 1, 0, 1, 1, 2, 0, 2, 0], [0, 2, 0, 1, 0, 1, 1, 2, 0, 2, 0], [0, 2, 0, 1, 0, 1, 0, 2, 0, 2, 0], [0, 2, 0, 1, 0, 0, 0, 2, 0, 2, 0], [0, 2, 2, 1, 1, 1, 2, 2, 2, 2, 0], [0, 0, 0, 2, 0, 1, 0, 2, 0, 0, 0], [0, 2, 2, 2, 0, 1, 0, 1, 1, 1, 0], [0, 2, 0, 2, 2, 1, 2, 5, 0, 1, 0], [0, 2, 0, 0, 0, 1, 0, 0, 0, 4, 0], [0, 3, 2, 2, 2, 1, 1, 1, 1, 1, 0], [0, 0, 0, 0, 0, 0, 0, 0, 0, 0, 0]]"
2025-05-12T00:00:13.272629,0,South,262.0,False,False,False,"[[0, 0, 0, 0, 0, 0, 0, 0, 0, 0, 0], [0, 2, 2, 2, 2, 2, 2, 2, 2, 3, 0], [0, 2, 0, 0, 0, 2, 0, 0, 0, 2, 0], [0, 2, 0, 2, 2, 2, 2, 2, 0, 2, 0], [0, 2, 2, 2, 0, 2, 0, 2, 2, 2, 0], [0, 0, 0, 2, 0, 2, 0, 2, 0, 0, 0], [0, 1, 1, 1, 4, 2, 2, 2, 2, 2, 0], [0, 1, 0, 1, 0, 0, 0, 2, 0, 2, 0], [0, 1, 0, 1, 0, 1, 0, 2, 0, 2, 0], [0, 1, 0, 1, 0, 1, 1, 2, 0, 2, 0], [0, 2, 0, 1, 0, 1, 1, 2, 0, 2, 0], [0, 2, 0, 1, 0, 1, 0, 2, 0, 2, 0], [0, 2, 0, 1, 0, 0, 0, 2, 0, 2, 0], [0, 2, 2, 1, 1, 1, 2, 2, 2, 2, 0], [0, 0, 0, 2, 0, 1, 0, 2, 0, 0, 0], [0, 2, 2, 2, 0, 1, 0, 1, 1, 1, 0], [0, 2, 0, 2, 2, 1, 5, 1, 0, 4, 0], [0, 2, 0, 0, 0, 1, 0, 0, 0, 1, 0], [0, 3, 2, 2, 2, 1, 1, 1, 1, 1, 0], [0, 0, 0, 0, 0, 0, 0, 0, 0, 0, 0]]"
2025-05-12T00:00:13.414156,0,South,261.0,False,False,False,"[[0, 0, 0, 0, 0, 0, 0, 0, 0, 0, 0], [0, 2, 2, 2, 2, 2, 2, 2, 2, 3, 0], [0, 2, 0, 0, 0, 2, 0, 0, 0, 2, 0], [0, 2, 0, 2, 2, 2, 2, 2, 0, 2, 0], [0, 2, 2, 2, 0, 2, 0, 2, 2, 2, 0], [0, 0, 0, 2, 0, 2, 0, 2, 0, 0, 0], [0, 1, 1, 4, 2, 2, 2, 2, 2, 2, 0], [0, 1, 0, 1, 0, 0, 0, 2, 0, 2, 0], [0, 1, 0, 1, 0, 1, 0, 2, 0, 2, 0], [0, 1, 0, 1, 0, 1, 1, 2, 0, 2, 0], [0, 2, 0, 1, 0, 1, 1, 2, 0, 2, 0], [0, 2, 0, 1, 0, 1, 0, 2, 0, 2, 0], [0, 2, 0, 1, 0, 0, 0, 2, 0, 2, 0], [0, 2, 2, 1, 1, 1, 2, 2, 2, 2, 0], [0, 0, 0, 2, 0, 1, 0, 2, 0, 0, 0], [0, 2, 2, 2, 0, 1, 0, 1, 1, 4, 0], [0, 2, 0, 2, 2, 5, 1, 1, 0, 1, 0], [0, 2, 0, 0, 0, 1, 0, 0, 0, 1, 0], [0, 3, 2, 2, 2, 1, 1, 1, 1, 1, 0], [0, 0, 0, 0, 0, 0, 0, 0, 0, 0, 0]]"
2025-05-12T00:00:13.542314,0,South,270.0,False,False,False,"[[0, 0, 0, 0, 0, 0, 0, 0, 0, 0, 0], [0, 2, 2, 2, 2, 2, 2, 2, 2, 3, 0], [0, 2, 0, 0, 0, 2, 0, 0, 0, 2, 0], [0, 2, 0, 2, 2, 2, 2, 2, 0, 2, 0], [0, 2, 2, 2, 0, 2, 0, 2, 2, 2, 0], [0, 0, 0, 4, 0, 2, 0, 2, 0, 0, 0], [0, 1, 1, 1, 2, 2, 2, 2, 2, 2, 0], [0, 1, 0, 1, 0, 0, 0, 2, 0, 2, 0], [0, 1, 0, 1, 0, 1, 0, 2, 0, 2, 0], [0, 1, 0, 1, 0, 1, 1, 2, 0, 2, 0], [0, 2, 0, 1, 0, 1, 1, 2, 0, 2, 0], [0, 2, 0, 1, 0, 1, 0, 2, 0, 2, 0], [0, 2, 0, 1, 0, 0, 0, 2, 0, 2, 0], [0, 2, 2, 1, 1, 1, 2, 2, 2, 2, 0], [0, 0, 0, 2, 0, 1, 0, 2, 0, 0, 0], [0, 2, 2, 2, 0, 1, 0, 1, 4, 1, 0], [0, 2, 0, 2, 5, 1, 1, 1, 0, 1, 0], [0, 2, 0, 0, 0, 1, 0, 0, 0, 1, 0], [0, 3, 2, 2, 2, 1, 1, 1, 1, 1, 0], [0, 0, 0, 0, 0, 0, 0, 0, 0, 0, 0]]"
2025-05-12T00:00:13.680863,0,West,279.0,False,False,False,"[[0, 0, 0, 0, 0, 0, 0, 0, 0, 0, 0], [0, 2, 2, 2, 2, 2, 2, 2, 2, 3, 0], [0, 2, 0, 0, 0, 2, 0, 0, 0, 2, 0], [0, 2, 0, 2, 2, 2, 2, 2, 0, 2, 0], [0, 2, 2, 4, 0, 2, 0, 2, 2, 2, 0], [0, 0, 0, 2, 0, 2, 0, 2, 0, 0, 0], [0, 1, 1, 1, 2, 2, 2, 2, 2, 2, 0], [0, 1, 0, 1, 0, 0, 0, 2, 0, 2, 0], [0, 1, 0, 1, 0, 1, 0, 2, 0, 2, 0], [0, 1, 0, 1, 0, 1, 1, 2, 0, 2, 0], [0, 2, 0, 1, 0, 1, 1, 2, 0, 2, 0], [0, 2, 0, 1, 0, 1, 0, 2, 0, 2, 0], [0, 2, 0, 1, 0, 0, 0, 2, 0, 2, 0], [0, 2, 2, 1, 1, 1, 2, 2, 2, 2, 0], [0, 0, 0, 2, 0, 1, 0, 2, 0, 0, 0], [0, 2, 2, 2, 0, 1, 0, 4, 1, 1, 0], [0, 2, 0, 5, 1, 1, 1, 1, 0, 1, 0], [0, 2, 0, 0, 0, 1, 0, 0, 0, 1, 0], [0, 3, 2, 2, 2, 1, 1, 1, 1, 1, 0], [0, 0, 0, 0, 0, 0, 0, 0, 0, 0, 0]]"
2025-05-12T00:00:13.815788,0,West,288.0,False,False,False,"[[0, 0, 0, 0, 0, 0, 0, 0, 0, 0, 0], [0, 2, 2, 2, 2, 2, 2, 2, 2, 3, 0], [0, 2, 0, 0, 0, 2, 0, 0, 0, 2, 0], [0, 2, 0, 4, 2, 2, 2, 2, 0, 2, 0], [0, 2, 2, 2, 0, 2, 0, 2, 2, 2, 0], [0, 0, 0, 2, 0, 2, 0, 2, 0, 0, 0], [0, 1, 1, 1, 2, 2, 2, 2, 2, 2, 0], [0, 1, 0, 1, 0, 0, 0, 2, 0, 2, 0], [0, 1, 0, 1, 0, 1, 0, 2, 0, 2, 0], [0, 1, 0, 1, 0, 1, 1, 2, 0, 2, 0], [0, 2, 0, 1, 0, 1, 1, 2, 0, 2, 0], [0, 2, 0, 1, 0, 1, 0, 2, 0, 2, 0], [0, 2, 0, 1, 0, 0, 0, 2, 0, 2, 0], [0, 2, 2, 1, 1, 1, 2, 2, 2, 2, 0], [0, 0, 0, 2, 0, 1, 0, 2, 0, 0, 0], [0, 2, 2, 5, 0, 1, 0, 1, 1, 1, 0], [0, 2, 0, 1, 1, 1, 1, 4, 0, 1, 0], [0, 2, 0, 0, 0, 1, 0, 0, 0, 1, 0], [0, 3, 2, 2, 2, 1, 1, 1, 1, 1, 0], [0, 0, 0, 0, 0, 0, 0, 0, 0, 0, 0]]"
2025-05-12T00:00:13.953671,0,East,297.0,False,False,False,"[[0, 0, 0, 0, 0, 0, 0, 0, 0, 0, 0], [0, 2, 2, 2, 2, 2, 2, 2, 2, 3, 0], [0, 2, 0, 0, 0, 2, 0, 0, 0, 2, 0], [0, 2, 0, 2, 4, 2, 2, 2, 0, 2, 0], [0, 2, 2, 2, 0, 2, 0, 2, 2, 2, 0], [0, 0, 0, 2, 0, 2, 0, 2, 0, 0, 0], [0, 1, 1, 1, 2, 2, 2, 2, 2, 2, 0], [0, 1, 0, 1, 0, 0, 0, 2, 0, 2, 0], [0, 1, 0, 1, 0, 1, 0, 2, 0, 2, 0], [0, 1, 0, 1, 0, 1, 1, 2, 0, 2, 0], [0, 2, 0, 1, 0, 1, 1, 2, 0, 2, 0], [0, 2, 0, 1, 0, 1, 0, 2, 0, 2, 0], [0, 2, 0, 1, 0, 0, 0, 2, 0, 2, 0], [0, 2, 2, 1, 1, 1, 2, 2, 2, 2, 0], [0, 0, 0, 5, 0, 1, 0, 2, 0, 0, 0], [0, 2, 2, 1, 0, 1, 0, 1, 1, 1, 0], [0, 2, 0, 1, 1, 1, 4, 1, 0, 1, 0], [0, 2, 0, 0, 0, 1, 0, 0, 0, 1, 0], [0, 3, 2, 2, 2, 1, 1, 1, 1, 1, 0], [0, 0, 0, 0, 0, 0, 0, 0, 0, 0, 0]]"
2025-05-12T00:00:14.090194,0,South,296.0,False,False,False,"[[0, 0, 0, 0, 0, 0, 0, 0, 0, 0, 0], [0, 2, 2, 2, 2, 2, 2, 2, 2, 3, 0], [0, 2, 0, 0, 0, 2, 0, 0, 0, 2, 0], [0, 2, 0, 2, 2, 4, 2, 2, 0, 2, 0], [0, 2, 2, 2, 0, 2, 0, 2, 2, 2, 0], [0, 0, 0, 2, 0, 2, 0, 2, 0, 0, 0], [0, 1, 1, 1, 2, 2, 2, 2, 2, 2, 0], [0, 1, 0, 1, 0, 0, 0, 2, 0, 2, 0], [0, 1, 0, 1, 0, 1, 0, 2, 0, 2, 0], [0, 1, 0, 1, 0, 1, 1, 2, 0, 2, 0], [0, 2, 0, 1, 0, 1, 1, 2, 0, 2, 0], [0, 2, 0, 1, 0, 1, 0, 2, 0, 2, 0], [0, 2, 0, 1, 0, 0, 0, 2, 0, 2, 0], [0, 2, 2, 1, 1, 1, 2, 2, 2, 2, 0], [0, 0, 0, 1, 0, 1, 0, 2, 0, 0, 0], [0, 2, 2, 5, 0, 1, 0, 1, 1, 1, 0], [0, 2, 0, 1, 1, 4, 1, 1, 0, 1, 0], [0, 2, 0, 0, 0, 1, 0, 0, 0, 1, 0], [0, 3, 2, 2, 2, 1, 1, 1, 1, 1, 0], [0, 0, 0, 0, 0, 0, 0, 0, 0, 0, 0]]"
2025-05-12T00:00:14.219522,0,South,305.0,False,False,False,"[[0, 0, 0, 0, 0, 0, 0, 0, 0, 0, 0], [0, 2, 2, 2, 2, 2, 2, 2, 2, 3, 0], [0, 2, 0, 0, 0, 2, 0, 0, 0, 2, 0], [0, 2, 0, 2, 2, 2, 2, 2, 0, 2, 0], [0, 2, 2, 2, 0, 4, 0, 2, 2, 2, 0], [0, 0, 0, 2, 0, 2, 0, 2, 0, 0, 0], [0, 1, 1, 1, 2, 2, 2, 2, 2, 2, 0], [0, 1, 0, 1, 0, 0, 0, 2, 0, 2, 0], [0, 1, 0, 1, 0, 1, 0, 2, 0, 2, 0], [0, 1, 0, 1, 0, 1, 1, 2, 0, 2, 0], [0, 2, 0, 1, 0, 1, 1, 2, 0, 2, 0], [0, 2, 0, 1, 0, 1, 0, 2, 0, 2, 0], [0, 2, 0, 1, 0, 0, 0, 2, 0, 2, 0], [0, 2, 2, 1, 1, 1, 2, 2, 2, 2, 0], [0, 0, 0, 1, 0, 1, 0, 2, 0, 0, 0], [0, 2, 5, 1, 0, 4, 0, 1, 1, 1, 0], [0, 2, 0, 1, 1, 1, 1, 1, 0, 1, 0], [0, 2, 0, 0, 0, 1, 0, 0, 0, 1, 0], [0, 3, 2, 2, 2, 1, 1, 1, 1, 1, 0], [0, 0, 0, 0, 0, 0, 0, 0, 0, 0, 0]]"
2025-05-12T00:00:14.359241,0,Stop,314.0,False,False,False,"[[0, 0, 0, 0, 0, 0, 0, 0, 0, 0, 0], [0, 2, 2, 2, 2, 2, 2, 2, 2, 3, 0], [0, 2, 0, 0, 0, 2, 0, 0, 0, 2, 0], [0, 2, 0, 2, 2, 2, 2, 2, 0, 2, 0], [0, 2, 2, 2, 0, 2, 0, 2, 2, 2, 0], [0, 0, 0, 2, 0, 4, 0, 2, 0, 0, 0], [0, 1, 1, 1, 2, 2, 2, 2, 2, 2, 0], [0, 1, 0, 1, 0, 0, 0, 2, 0, 2, 0], [0, 1, 0, 1, 0, 1, 0, 2, 0, 2, 0], [0, 1, 0, 1, 0, 1, 1, 2, 0, 2, 0], [0, 2, 0, 1, 0, 1, 1, 2, 0, 2, 0], [0, 2, 0, 1, 0, 1, 0, 2, 0, 2, 0], [0, 2, 0, 1, 0, 0, 0, 2, 0, 2, 0], [0, 2, 2, 1, 1, 1, 2, 2, 2, 2, 0], [0, 0, 0, 1, 0, 4, 0, 2, 0, 0, 0], [0, 5, 1, 1, 0, 1, 0, 1, 1, 1, 0], [0, 2, 0, 1, 1, 1, 1, 1, 0, 1, 0], [0, 2, 0, 0, 0, 1, 0, 0, 0, 1, 0], [0, 3, 2, 2, 2, 1, 1, 1, 1, 1, 0], [0, 0, 0, 0, 0, 0, 0, 0, 0, 0, 0]]"
2025-05-12T00:00:14.494690,0,East,313.0,False,False,False,"[[0, 0, 0, 0, 0, 0, 0, 0, 0, 0, 0], [0, 2, 2, 2, 2, 2, 2, 2, 2, 3, 0], [0, 2, 0, 0, 0, 2, 0, 0, 0, 2, 0], [0, 2, 0, 2, 2, 2, 2, 2, 0, 2, 0], [0, 2, 2, 2, 0, 2, 0, 2, 2, 2, 0], [0, 0, 0, 2, 0, 2, 0, 2, 0, 0, 0], [0, 1, 1, 1, 2, 4, 2, 2, 2, 2, 0], [0, 1, 0, 1, 0, 0, 0, 2, 0, 2, 0], [0, 1, 0, 1, 0, 1, 0, 2, 0, 2, 0], [0, 1, 0, 1, 0, 1, 1, 2, 0, 2, 0], [0, 2, 0, 1, 0, 1, 1, 2, 0, 2, 0], [0, 2, 0, 1, 0, 1, 0, 2, 0, 2, 0], [0, 2, 0, 1, 0, 0, 0, 2, 0, 2, 0], [0, 2, 2, 1, 1, 4, 2, 2, 2, 2, 0], [0, 0, 0, 1, 0, 1, 0, 2, 0, 0, 0], [0, 5, 1, 1, 0, 1, 0, 1, 1, 1, 0], [0, 2, 0, 1, 1, 1, 1, 1, 0, 1, 0], [0, 2, 0, 0, 0, 1, 0, 0, 0, 1, 0], [0, 3, 2, 2, 2, 1, 1, 1, 1, 1, 0], [0, 0, 0, 0, 0, 0, 0, 0, 0, 0, 0]]"
2025-05-12T00:00:14.618125,0,East,322.0,False,False,False,"[[0, 0, 0, 0, 0, 0, 0, 0, 0, 0, 0], [0, 2, 2, 2, 2, 2, 2, 2, 2, 3, 0], [0, 2, 0, 0, 0, 2, 0, 0, 0, 2, 0], [0, 2, 0, 2, 2, 2, 2, 2, 0, 2, 0], [0, 2, 2, 2, 0, 2, 0, 2, 2, 2, 0], [0, 0, 0, 2, 0, 2, 0, 2, 0, 0, 0], [0, 1, 1, 1, 4, 2, 2, 2, 2, 2, 0], [0, 1, 0, 1, 0, 0, 0, 2, 0, 2, 0], [0, 1, 0, 1, 0, 1, 0, 2, 0, 2, 0], [0, 1, 0, 1, 0, 1, 1, 2, 0, 2, 0], [0, 2, 0, 1, 0, 1, 1, 2, 0, 2, 0], [0, 2, 0, 1, 0, 1, 0, 2, 0, 2, 0], [0, 2, 0, 1, 0, 0, 0, 2, 0, 2, 0], [0, 2, 2, 1, 4, 1, 2, 2, 2, 2, 0], [0, 0, 0, 1, 0, 1, 0, 2, 0, 0, 0], [0, 1, 1, 1, 0, 1, 0, 1, 1, 1, 0], [0, 5, 0, 1, 1, 1, 1, 1, 0, 1, 0], [0, 2, 0, 0, 0, 1, 0, 0, 0, 1, 0], [0, 3, 2, 2, 2, 1, 1, 1, 1, 1, 0], [0, 0, 0, 0, 0, 0, 0, 0, 0, 0, 0]]"
2025-05-12T00:00:14.746076,0,East,331.0,False,False,False,"[[0, 0, 0, 0, 0, 0, 0, 0, 0, 0, 0], [0, 2, 2, 2, 2, 2, 2, 2, 2, 3, 0], [0, 2, 0, 0, 0, 2, 0, 0, 0, 2, 0], [0, 2, 0, 2, 2, 2, 2, 2, 0, 2, 0], [0, 2, 2, 2, 0, 2, 0, 2, 2, 2, 0], [0, 0, 0, 2, 0, 2, 0, 2, 0, 0, 0], [0, 1, 1, 4, 2, 2, 2, 2, 2, 2, 0], [0, 1, 0, 1, 0, 0, 0, 2, 0, 2, 0], [0, 1, 0, 1, 0, 1, 0, 2, 0, 2, 0], [0, 1, 0, 1, 0, 1, 1, 2, 0, 2, 0], [0, 2, 0, 1, 0, 1, 1, 2, 0, 2, 0], [0, 2, 0, 1, 0, 1, 0, 2, 0, 2, 0], [0, 2, 0, 1, 0, 0, 0, 2, 0, 2, 0], [0, 2, 2, 4, 1, 1, 2, 2, 2, 2, 0], [0, 0, 0, 1, 0, 1, 0, 2, 0, 0, 0], [0, 1, 1, 1, 0, 1, 0, 1, 1, 1, 0], [0, 1, 0, 1, 1, 1, 1, 1, 0, 1, 0], [0, 5, 0, 0, 0, 1, 0, 0, 0, 1, 0], [0, 3, 2, 2, 2, 1, 1, 1, 1, 1, 0], [0, 0, 0, 0, 0, 0, 0, 0, 0, 0, 0]]"
2025-05-12T00:00:14.874254,0,North,330.0,False,False,False,"[[0, 0, 0, 0, 0, 0, 0, 0, 0, 0, 0], [0, 2, 2, 2, 2, 2, 2, 2, 2, 3, 0], [0, 2, 0, 0, 0, 2, 0, 0, 0, 2, 0], [0, 2, 0, 2, 2, 2, 2, 2, 0, 2, 0], [0, 2, 2, 2, 0, 2, 0, 2, 2, 2, 0], [0, 0, 0, 4, 0, 2, 0, 2, 0, 0, 0], [0, 1, 1, 1, 2, 2, 2, 2, 2, 2, 0], [0, 1, 0, 1, 0, 0, 0, 2, 0, 2, 0], [0, 1, 0, 1, 0, 1, 0, 2, 0, 2, 0], [0, 1, 0, 1, 0, 1, 1, 2, 0, 2, 0], [0, 2, 0, 1, 0, 1, 1, 2, 0, 2, 0], [0, 2, 0, 1, 0, 1, 0, 2, 0, 2, 0], [0, 2, 0, 4, 0, 0, 0, 2, 0, 2, 0], [0, 2, 2, 1, 1, 1, 2, 2, 2, 2, 0], [0, 0, 0, 1, 0, 1, 0, 2, 0, 0, 0], [0, 1, 1, 1, 0, 1, 0, 1, 1, 1, 0], [0, 1, 0, 1, 1, 1, 1, 1, 0, 1, 0], [0, 1, 0, 0, 0, 1, 0, 0, 0, 1, 0], [0, 5, 2, 2, 2, 1, 1, 1, 1, 1, 0], [0, 0, 0, 0, 0, 0, 0, 0, 0, 0, 0]]"
2025-05-12T00:00:15.013628,0,North,339.0,False,False,False,"[[0, 0, 0, 0, 0, 0, 0, 0, 0, 0, 0], [0, 2, 2, 2, 2, 2, 2, 2, 2, 3, 0], [0, 2, 0, 0, 0, 2, 0, 0, 0, 2, 0], [0, 2, 0, 2, 2, 2, 2, 2, 0, 2, 0], [0, 2, 2, 2, 0, 2, 0, 2, 2, 2, 0], [0, 0, 0, 4, 0, 2, 0, 2, 0, 0, 0], [0, 1, 1, 1, 2, 2, 2, 2, 2, 2, 0], [0, 1, 0, 1, 0, 0, 0, 2, 0, 2, 0], [0, 1, 0, 1, 0, 1, 0, 2, 0, 2, 0], [0, 1, 0, 1, 0, 1, 1, 2, 0, 2, 0], [0, 2, 0, 1, 0, 1, 1, 2, 0, 2, 0], [0, 2, 0, 1, 0, 1, 0, 2, 0, 2, 0], [0, 2, 0, 4, 0, 0, 0, 2, 0, 2, 0], [0, 2, 2, 1, 1, 1, 2, 2, 2, 2, 0], [0, 0, 0, 1, 0, 1, 0, 2, 0, 0, 0], [0, 1, 1, 1, 0, 1, 0, 1, 1, 1, 0], [0, 1, 0, 1, 1, 1, 1, 1, 0, 1, 0], [0, 1, 0, 0, 0, 1, 0, 0, 0, 1, 0], [0, 1, 5, 2, 2, 1, 1, 1, 1, 1, 0], [0, 0, 0, 0, 0, 0, 0, 0, 0, 0, 0]]"
2025-05-12T00:00:15.154024,0,North,348.0,False,False,False,"[[0, 0, 0, 0, 0, 0, 0, 0, 0, 0, 0], [0, 2, 2, 2, 2, 2, 2, 2, 2, 3, 0], [0, 2, 0, 0, 0, 2, 0, 0, 0, 2, 0], [0, 2, 0, 2, 2, 2, 2, 2, 0, 2, 0], [0, 2, 2, 4, 0, 2, 0, 2, 2, 2, 0], [0, 0, 0, 2, 0, 2, 0, 2, 0, 0, 0], [0, 1, 1, 1, 2, 2, 2, 2, 2, 2, 0], [0, 1, 0, 1, 0, 0, 0, 2, 0, 2, 0], [0, 1, 0, 1, 0, 1, 0, 2, 0, 2, 0], [0, 1, 0, 1, 0, 1, 1, 2, 0, 2, 0], [0, 2, 0, 1, 0, 1, 1, 2, 0, 2, 0], [0, 2, 0, 4, 0, 1, 0, 2, 0, 2, 0], [0, 2, 0, 1, 0, 0, 0, 2, 0, 2, 0], [0, 2, 2, 1, 1, 1, 2, 2, 2, 2, 0], [0, 0, 0, 1, 0, 1, 0, 2, 0, 0, 0], [0, 1, 1, 1, 0, 1, 0, 1, 1, 1, 0], [0, 1, 0, 1, 1, 1, 1, 1, 0, 1, 0], [0, 1, 0, 0, 0, 1, 0, 0, 0, 1, 0], [0, 1, 1, 5, 2, 1, 1, 1, 1, 1, 0], [0, 0, 0, 0, 0, 0, 0, 0, 0, 0, 0]]"
2025-05-12T00:00:15.290901,0,North,357.0,False,False,False,"[[0, 0, 0, 0, 0, 0, 0, 0, 0, 0, 0], [0, 2, 2, 2, 2, 2, 2, 2, 2, 3, 0], [0, 2, 0, 0, 0, 2, 0, 0, 0, 2, 0], [0, 2, 0, 2, 2, 2, 2, 2, 0, 2, 0], [0, 2, 2, 4, 0, 2, 0, 2, 2, 2, 0], [0, 0, 0, 2, 0, 2, 0, 2, 0, 0, 0], [0, 1, 1, 1, 2, 2, 2, 2, 2, 2, 0], [0, 1, 0, 1, 0, 0, 0, 2, 0, 2, 0], [0, 1, 0, 1, 0, 1, 0, 2, 0, 2, 0], [0, 1, 0, 1, 0, 1, 1, 2, 0, 2, 0], [0, 2, 0, 1, 0, 1, 1, 2, 0, 2, 0], [0, 2, 0, 4, 0, 1, 0, 2, 0, 2, 0], [0, 2, 0, 1, 0, 0, 0, 2, 0, 2, 0], [0, 2, 2, 1, 1, 1, 2, 2, 2, 2, 0], [0, 0, 0, 1, 0, 1, 0, 2, 0, 0, 0], [0, 1, 1, 1, 0, 1, 0, 1, 1, 1, 0], [0, 1, 0, 1, 1, 1, 1, 1, 0, 1, 0], [0, 1, 0, 0, 0, 1, 0, 0, 0, 1, 0], [0, 1, 1, 1, 5, 1, 1, 1, 1, 1, 0], [0, 0, 0, 0, 0, 0, 0, 0, 0, 0, 0]]"
2025-05-12T00:00:15.429108,0,West,356.0,False,False,False,"[[0, 0, 0, 0, 0, 0, 0, 0, 0, 0, 0], [0, 2, 2, 2, 2, 2, 2, 2, 2, 3, 0], [0, 2, 0, 0, 0, 2, 0, 0, 0, 2, 0], [0, 2, 0, 2, 2, 2, 2, 2, 0, 2, 0], [0, 2, 4, 2, 0, 2, 0, 2, 2, 2, 0], [0, 0, 0, 2, 0, 2, 0, 2, 0, 0, 0], [0, 1, 1, 1, 2, 2, 2, 2, 2, 2, 0], [0, 1, 0, 1, 0, 0, 0, 2, 0, 2, 0], [0, 1, 0, 1, 0, 1, 0, 2, 0, 2, 0], [0, 1, 0, 1, 0, 1, 1, 2, 0, 2, 0], [0, 2, 0, 4, 0, 1, 1, 2, 0, 2, 0], [0, 2, 0, 1, 0, 1, 0, 2, 0, 2, 0], [0, 2, 0, 1, 0, 0, 0, 2, 0, 2, 0], [0, 2, 2, 1, 1, 1, 2, 2, 2, 2, 0], [0, 0, 0, 1, 0, 1, 0, 2, 0, 0, 0], [0, 1, 1, 1, 0, 1, 0, 1, 1, 1, 0], [0, 1, 0, 1, 1, 1, 1, 1, 0, 1, 0], [0, 1, 0, 0, 0, 1, 0, 0, 0, 1, 0], [0, 1, 1, 1, 1, 5, 1, 1, 1, 1, 0], [0, 0, 0, 0, 0, 0, 0, 0, 0, 0, 0]]"
2025-05-12T00:00:15.577682,0,West,355.0,False,False,False,"[[0, 0, 0, 0, 0, 0, 0, 0, 0, 0, 0], [0, 2, 2, 2, 2, 2, 2, 2, 2, 3, 0], [0, 2, 0, 0, 0, 2, 0, 0, 0, 2, 0], [0, 2, 0, 2, 2, 2, 2, 2, 0, 2, 0], [0, 2, 4, 2, 0, 2, 0, 2, 2, 2, 0], [0, 0, 0, 2, 0, 2, 0, 2, 0, 0, 0], [0, 1, 1, 1, 2, 2, 2, 2, 2, 2, 0], [0, 1, 0, 1, 0, 0, 0, 2, 0, 2, 0], [0, 1, 0, 1, 0, 1, 0, 2, 0, 2, 0], [0, 1, 0, 1, 0, 1, 1, 2, 0, 2, 0], [0, 2, 0, 4, 0, 1, 1, 2, 0, 2, 0], [0, 2, 0, 1, 0, 1, 0, 2, 0, 2, 0], [0, 2, 0, 1, 0, 0, 0, 2, 0, 2, 0], [0, 2, 2, 1, 1, 1, 2, 2, 2, 2, 0], [0, 0, 0, 1, 0, 1, 0, 2, 0, 0, 0], [0, 1, 1, 1, 0, 1, 0, 1, 1, 1, 0], [0, 1, 0, 1, 1, 1, 1, 1, 0, 1, 0], [0, 1, 0, 0, 0, 5, 0, 0, 0, 1, 0], [0, 1, 1, 1, 1, 1, 1, 1, 1, 1, 0], [0, 0, 0, 0, 0, 0, 0, 0, 0, 0, 0]]"
2025-05-12T00:00:15.715170,0,West,354.0,False,False,False,"[[0, 0, 0, 0, 0, 0, 0, 0, 0, 0, 0], [0, 2, 2, 2, 2, 2, 2, 2, 2, 3, 0], [0, 2, 0, 0, 0, 2, 0, 0, 0, 2, 0], [0, 2, 0, 2, 2, 2, 2, 2, 0, 2, 0], [0, 4, 2, 2, 0, 2, 0, 2, 2, 2, 0], [0, 0, 0, 2, 0, 2, 0, 2, 0, 0, 0], [0, 1, 1, 1, 2, 2, 2, 2, 2, 2, 0], [0, 1, 0, 1, 0, 0, 0, 2, 0, 2, 0], [0, 1, 0, 1, 0, 1, 0, 2, 0, 2, 0], [0, 1, 0, 4, 0, 1, 1, 2, 0, 2, 0], [0, 2, 0, 1, 0, 1, 1, 2, 0, 2, 0], [0, 2, 0, 1, 0, 1, 0, 2, 0, 2, 0], [0, 2, 0, 1, 0, 0, 0, 2, 0, 2, 0], [0, 2, 2, 1, 1, 1, 2, 2, 2, 2, 0], [0, 0, 0, 1, 0, 1, 0, 2, 0, 0, 0], [0, 1, 1, 1, 0, 1, 0, 1, 1, 1, 0], [0, 1, 0, 1, 1, 5, 1, 1, 0, 1, 0], [0, 1, 0, 0, 0, 1, 0, 0, 0, 1, 0], [0, 1, 1, 1, 1, 1, 1, 1, 1, 1, 0], [0, 0, 0, 0, 0, 0, 0, 0, 0, 0, 0]]"
2025-05-12T00:00:15.851008,0,West,353.0,False,False,False,"[[0, 0, 0, 0, 0, 0, 0, 0, 0, 0, 0], [0, 2, 2, 2, 2, 2, 2, 2, 2, 3, 0], [0, 2, 0, 0, 0, 2, 0, 0, 0, 2, 0], [0, 2, 0, 2, 2, 2, 2, 2, 0, 2, 0], [0, 4, 2, 2, 0, 2, 0, 2, 2, 2, 0], [0, 0, 0, 2, 0, 2, 0, 2, 0, 0, 0], [0, 1, 1, 1, 2, 2, 2, 2, 2, 2, 0], [0, 1, 0, 1, 0, 0, 0, 2, 0, 2, 0], [0, 1, 0, 1, 0, 1, 0, 2, 0, 2, 0], [0, 1, 0, 4, 0, 1, 1, 2, 0, 2, 0], [0, 2, 0, 1, 0, 1, 1, 2, 0, 2, 0], [0, 2, 0, 1, 0, 1, 0, 2, 0, 2, 0], [0, 2, 0, 1, 0, 0, 0, 2, 0, 2, 0], [0, 2, 2, 1, 1, 1, 2, 2, 2, 2, 0], [0, 0, 0, 1, 0, 1, 0, 2, 0, 0, 0], [0, 1, 1, 1, 0, 5, 0, 1, 1, 1, 0], [0, 1, 0, 1, 1, 1, 1, 1, 0, 1, 0], [0, 1, 0, 0, 0, 1, 0, 0, 0, 1, 0], [0, 1, 1, 1, 1, 1, 1, 1, 1, 1, 0], [0, 0, 0, 0, 0, 0, 0, 0, 0, 0, 0]]"
2025-05-12T00:00:15.988543,0,West,352.0,False,False,False,"[[0, 0, 0, 0, 0, 0, 0, 0, 0, 0, 0], [0, 2, 2, 2, 2, 2, 2, 2, 2, 3, 0], [0, 2, 0, 0, 0, 2, 0, 0, 0, 2, 0], [0, 4, 0, 2, 2, 2, 2, 2, 0, 2, 0], [0, 2, 2, 2, 0, 2, 0, 2, 2, 2, 0], [0, 0, 0, 2, 0, 2, 0, 2, 0, 0, 0], [0, 1, 1, 1, 2, 2, 2, 2, 2, 2, 0], [0, 1, 0, 1, 0, 0, 0, 2, 0, 2, 0], [0, 1, 0, 4, 0, 1, 0, 2, 0, 2, 0], [0, 1, 0, 1, 0, 1, 1, 2, 0, 2, 0], [0, 2, 0, 1, 0, 1, 1, 2, 0, 2, 0], [0, 2, 0, 1, 0, 1, 0, 2, 0, 2, 0], [0, 2, 0, 1, 0, 0, 0, 2, 0, 2, 0], [0, 2, 2, 1, 1, 1, 2, 2, 2, 2, 0], [0, 0, 0, 1, 0, 5, 0, 2, 0, 0, 0], [0, 1, 1, 1, 0, 1, 0, 1, 1, 1, 0], [0, 1, 0, 1, 1, 1, 1, 1, 0, 1, 0], [0, 1, 0, 0, 0, 1, 0, 0, 0, 1, 0], [0, 1, 1, 1, 1, 1, 1, 1, 1, 1, 0], [0, 0, 0, 0, 0, 0, 0, 0, 0, 0, 0]]"
2025-05-12T00:00:16.127068,0,North,351.0,False,False,False,"[[0, 0, 0, 0, 0, 0, 0, 0, 0, 0, 0], [0, 2, 2, 2, 2, 2, 2, 2, 2, 3, 0], [0, 2, 0, 0, 0, 2, 0, 0, 0, 2, 0], [0, 4, 0, 2, 2, 2, 2, 2, 0, 2, 0], [0, 2, 2, 2, 0, 2, 0, 2, 2, 2, 0], [0, 0, 0, 2, 0, 2, 0, 2, 0, 0, 0], [0, 1, 1, 1, 2, 2, 2, 2, 2, 2, 0], [0, 1, 0, 1, 0, 0, 0, 2, 0, 2, 0], [0, 1, 0, 4, 0, 1, 0, 2, 0, 2, 0], [0, 1, 0, 1, 0, 1, 1, 2, 0, 2, 0], [0, 2, 0, 1, 0, 1, 1, 2, 0, 2, 0], [0, 2, 0, 1, 0, 1, 0, 2, 0, 2, 0], [0, 2, 0, 1, 0, 0, 0, 2, 0, 2, 0], [0, 2, 2, 1, 1, 5, 2, 2, 2, 2, 0], [0, 0, 0, 1, 0, 1, 0, 2, 0, 0, 0], [0, 1, 1, 1, 0, 1, 0, 1, 1, 1, 0], [0, 1, 0, 1, 1, 1, 1, 1, 0, 1, 0], [0, 1, 0, 0, 0, 1, 0, 0, 0, 1, 0], [0, 1, 1, 1, 1, 1, 1, 1, 1, 1, 0], [0, 0, 0, 0, 0, 0, 0, 0, 0, 0, 0]]"
2025-05-12T00:00:16.262048,0,North,360.0,False,False,False,"[[0, 0, 0, 0, 0, 0, 0, 0, 0, 0, 0], [0, 2, 2, 2, 2, 2, 2, 2, 2, 3, 0], [0, 4, 0, 0, 0, 2, 0, 0, 0, 2, 0], [0, 2, 0, 2, 2, 2, 2, 2, 0, 2, 0], [0, 2, 2, 2, 0, 2, 0, 2, 2, 2, 0], [0, 0, 0, 2, 0, 2, 0, 2, 0, 0, 0], [0, 1, 1, 1, 2, 2, 2, 2, 2, 2, 0], [0, 1, 0, 4, 0, 0, 0, 2, 0, 2, 0], [0, 1, 0, 1, 0, 1, 0, 2, 0, 2, 0], [0, 1, 0, 1, 0, 1, 1, 2, 0, 2, 0], [0, 2, 0, 1, 0, 1, 1, 2, 0, 2, 0], [0, 2, 0, 1, 0, 1, 0, 2, 0, 2, 0], [0, 2, 0, 1, 0, 0, 0, 2, 0, 2, 0], [0, 2, 2, 1, 1, 1, 5, 2, 2, 2, 0], [0, 0, 0, 1, 0, 1, 0, 2, 0, 0, 0], [0, 1, 1, 1, 0, 1, 0, 1, 1, 1, 0], [0, 1, 0, 1, 1, 1, 1, 1, 0, 1, 0], [0, 1, 0, 0, 0, 1, 0, 0, 0, 1, 0], [0, 1, 1, 1, 1, 1, 1, 1, 1, 1, 0], [0, 0, 0, 0, 0, 0, 0, 0, 0, 0, 0]]"
2025-05-12T00:00:16.405003,0,East,369.0,False,False,False,"[[0, 0, 0, 0, 0, 0, 0, 0, 0, 0, 0], [0, 2, 2, 2, 2, 2, 2, 2, 2, 3, 0], [0, 4, 0, 0, 0, 2, 0, 0, 0, 2, 0], [0, 2, 0, 2, 2, 2, 2, 2, 0, 2, 0], [0, 2, 2, 2, 0, 2, 0, 2, 2, 2, 0], [0, 0, 0, 2, 0, 2, 0, 2, 0, 0, 0], [0, 1, 1, 1, 2, 2, 2, 2, 2, 2, 0], [0, 1, 0, 4, 0, 0, 0, 2, 0, 2, 0], [0, 1, 0, 1, 0, 1, 0, 2, 0, 2, 0], [0, 1, 0, 1, 0, 1, 1, 2, 0, 2, 0], [0, 2, 0, 1, 0, 1, 1, 2, 0, 2, 0], [0, 2, 0, 1, 0, 1, 0, 2, 0, 2, 0], [0, 2, 0, 1, 0, 0, 0, 2, 0, 2, 0], [0, 2, 2, 1, 1, 1, 1, 5, 2, 2, 0], [0, 0, 0, 1, 0, 1, 0, 2, 0, 0, 0], [0, 1, 1, 1, 0, 1, 0, 1, 1, 1, 0], [0, 1, 0, 1, 1, 1, 1, 1, 0, 1, 0], [0, 1, 0, 0, 0, 1, 0, 0, 0, 1, 0], [0, 1, 1, 1, 1, 1, 1, 1, 1, 1, 0], [0, 0, 0, 0, 0, 0, 0, 0, 0, 0, 0]]"
2025-05-12T00:00:16.535647,0,West,378.0,False,False,False,"[[0, 0, 0, 0, 0, 0, 0, 0, 0, 0, 0], [0, 4, 2, 2, 2, 2, 2, 2, 2, 3, 0], [0, 2, 0, 0, 0, 2, 0, 0, 0, 2, 0], [0, 2, 0, 2, 2, 2, 2, 2, 0, 2, 0], [0, 2, 2, 2, 0, 2, 0, 2, 2, 2, 0], [0, 0, 0, 2, 0, 2, 0, 2, 0, 0, 0], [0, 1, 1, 4, 2, 2, 2, 2, 2, 2, 0], [0, 1, 0, 1, 0, 0, 0, 2, 0, 2, 0], [0, 1, 0, 1, 0, 1, 0, 2, 0, 2, 0], [0, 1, 0, 1, 0, 1, 1, 2, 0, 2, 0], [0, 2, 0, 1, 0, 1, 1, 2, 0, 2, 0], [0, 2, 0, 1, 0, 1, 0, 2, 0, 2, 0], [0, 2, 0, 1, 0, 0, 0, 2, 0, 2, 0], [0, 2, 2, 1, 1, 1, 1, 1, 2, 2, 0], [0, 0, 0, 1, 0, 1, 0, 5, 0, 0, 0], [0, 1, 1, 1, 0, 1, 0, 1, 1, 1, 0], [0, 1, 0, 1, 1, 1, 1, 1, 0, 1, 0], [0, 1, 0, 0, 0, 1, 0, 0, 0, 1, 0], [0, 1, 1, 1, 1, 1, 1, 1, 1, 1, 0], [0, 0, 0, 0, 0, 0, 0, 0, 0, 0, 0]]"
2025-05-12T00:00:16.664207,0,North,377.0,False,False,False,"[[0, 0, 0, 0, 0, 0, 0, 0, 0, 0, 0], [0, 4, 2, 2, 2, 2, 2, 2, 2, 3, 0], [0, 2, 0, 0, 0, 2, 0, 0, 0, 2, 0], [0, 2, 0, 2, 2, 2, 2, 2, 0, 2, 0], [0, 2, 2, 2, 0, 2, 0, 2, 2, 2, 0], [0, 0, 0, 2, 0, 2, 0, 2, 0, 0, 0], [0, 1, 1, 4, 2, 2, 2, 2, 2, 2, 0], [0, 1, 0, 1, 0, 0, 0, 2, 0, 2, 0], [0, 1, 0, 1, 0, 1, 0, 2, 0, 2, 0], [0, 1, 0, 1, 0, 1, 1, 2, 0, 2, 0], [0, 2, 0, 1, 0, 1, 1, 2, 0, 2, 0], [0, 2, 0, 1, 0, 1, 0, 2, 0, 2, 0], [0, 2, 0, 1, 0, 0, 0, 2, 0, 2, 0], [0, 2, 2, 1, 1, 1, 1, 5, 2, 2, 0], [0, 0, 0, 1, 0, 1, 0, 1, 0, 0, 0], [0, 1, 1, 1, 0, 1, 0, 1, 1, 1, 0], [0, 1, 0, 1, 1, 1, 1, 1, 0, 1, 0], [0, 1, 0, 0, 0, 1, 0, 0, 0, 1, 0], [0, 1, 1, 1, 1, 1, 1, 1, 1, 1, 0], [0, 0, 0, 0, 0, 0, 0, 0, 0, 0, 0]]"
2025-05-12T00:00:16.793864,0,North,386.0,False,False,False,"[[0, 0, 0, 0, 0, 0, 0, 0, 0, 0, 0], [0, 4, 2, 2, 2, 2, 2, 2, 2, 3, 0], [0, 2, 0, 0, 0, 2, 0, 0, 0, 2, 0], [0, 2, 0, 2, 2, 2, 2, 2, 0, 2, 0], [0, 2, 2, 2, 0, 2, 0, 2, 2, 2, 0], [0, 0, 0, 4, 0, 2, 0, 2, 0, 0, 0], [0, 1, 1, 1, 2, 2, 2, 2, 2, 2, 0], [0, 1, 0, 1, 0, 0, 0, 2, 0, 2, 0], [0, 1, 0, 1, 0, 1, 0, 2, 0, 2, 0], [0, 1, 0, 1, 0, 1, 1, 2, 0, 2, 0], [0, 2, 0, 1, 0, 1, 1, 2, 0, 2, 0], [0, 2, 0, 1, 0, 1, 0, 2, 0, 2, 0], [0, 2, 0, 1, 0, 0, 0, 2, 0, 2, 0], [0, 2, 2, 1, 1, 1, 1, 1, 5, 2, 0], [0, 0, 0, 1, 0, 1, 0, 1, 0, 0, 0], [0, 1, 1, 1, 0, 1, 0, 1, 1, 1, 0], [0, 1, 0, 1, 1, 1, 1, 1, 0, 1, 0], [0, 1, 0, 0, 0, 1, 0, 0, 0, 1, 0], [0, 1, 1, 1, 1, 1, 1, 1, 1, 1, 0], [0, 0, 0, 0, 0, 0, 0, 0, 0, 0, 0]]"
2025-05-12T00:00:16.917540,0,Stop,395.0,False,False,False,"[[0, 0, 0, 0, 0, 0, 0, 0, 0, 0, 0], [0, 2, 4, 2, 2, 2, 2, 2, 2, 3, 0], [0, 2, 0, 0, 0, 2, 0, 0, 0, 2, 0], [0, 2, 0, 2, 2, 2, 2, 2, 0, 2, 0], [0, 2, 2, 2, 0, 2, 0, 2, 2, 2, 0], [0, 0, 0, 4, 0, 2, 0, 2, 0, 0, 0], [0, 1, 1, 1, 2, 2, 2, 2, 2, 2, 0], [0, 1, 0, 1, 0, 0, 0, 2, 0, 2, 0], [0, 1, 0, 1, 0, 1, 0, 2, 0, 2, 0], [0, 1, 0, 1, 0, 1, 1, 2, 0, 2, 0], [0, 2, 0, 1, 0, 1, 1, 2, 0, 2, 0], [0, 2, 0, 1, 0, 1, 0, 2, 0, 2, 0], [0, 2, 0, 1, 0, 0, 0, 2, 0, 2, 0], [0, 2, 2, 1, 1, 1, 1, 1, 1, 5, 0], [0, 0, 0, 1, 0, 1, 0, 1, 0, 0, 0], [0, 1, 1, 1, 0, 1, 0, 1, 1, 1, 0], [0, 1, 0, 1, 1, 1, 1, 1, 0, 1, 0], [0, 1, 0, 0, 0, 1, 0, 0, 0, 1, 0], [0, 1, 1, 1, 1, 1, 1, 1, 1, 1, 0], [0, 0, 0, 0, 0, 0, 0, 0, 0, 0, 0]]"
2025-05-12T00:00:17.056614,0,West,394.0,False,False,False,"[[0, 0, 0, 0, 0, 0, 0, 0, 0, 0, 0], [0, 2, 4, 2, 2, 2, 2, 2, 2, 3, 0], [0, 2, 0, 0, 0, 2, 0, 0, 0, 2, 0], [0, 2, 0, 2, 2, 2, 2, 2, 0, 2, 0], [0, 2, 2, 4, 0, 2, 0, 2, 2, 2, 0], [0, 0, 0, 2, 0, 2, 0, 2, 0, 0, 0], [0, 1, 1, 1, 2, 2, 2, 2, 2, 2, 0], [0, 1, 0, 1, 0, 0, 0, 2, 0, 2, 0], [0, 1, 0, 1, 0, 1, 0, 2, 0, 2, 0], [0, 1, 0, 1, 0, 1, 1, 2, 0, 2, 0], [0, 2, 0, 1, 0, 1, 1, 2, 0, 2, 0], [0, 2, 0, 1, 0, 1, 0, 2, 0, 2, 0], [0, 2, 0, 1, 0, 0, 0, 2, 0, 2, 0], [0, 2, 2, 1, 1, 1, 1, 1, 1, 5, 0], [0, 0, 0, 1, 0, 1, 0, 1, 0, 0, 0], [0, 1, 1, 1, 0, 1, 0, 1, 1, 1, 0], [0, 1, 0, 1, 1, 1, 1, 1, 0, 1, 0], [0, 1, 0, 0, 0, 1, 0, 0, 0, 1, 0], [0, 1, 1, 1, 1, 1, 1, 1, 1, 1, 0], [0, 0, 0, 0, 0, 0, 0, 0, 0, 0, 0]]"
2025-05-12T00:00:17.190358,0,West,403.0,False,False,False,"[[0, 0, 0, 0, 0, 0, 0, 0, 0, 0, 0], [0, 2, 2, 4, 2, 2, 2, 2, 2, 3, 0], [0, 2, 0, 0, 0, 2, 0, 0, 0, 2, 0], [0, 2, 0, 2, 2, 2, 2, 2, 0, 2, 0], [0, 2, 2, 4, 0, 2, 0, 2, 2, 2, 0], [0, 0, 0, 2, 0, 2, 0, 2, 0, 0, 0], [0, 1, 1, 1, 2, 2, 2, 2, 2, 2, 0], [0, 1, 0, 1, 0, 0, 0, 2, 0, 2, 0], [0, 1, 0, 1, 0, 1, 0, 2, 0, 2, 0], [0, 1, 0, 1, 0, 1, 1, 2, 0, 2, 0], [0, 2, 0, 1, 0, 1, 1, 2, 0, 2, 0], [0, 2, 0, 1, 0, 1, 0, 2, 0, 2, 0], [0, 2, 0, 1, 0, 0, 0, 2, 0, 5, 0], [0, 2, 2, 1, 1, 1, 1, 1, 1, 1, 0], [0, 0, 0, 1, 0, 1, 0, 1, 0, 0, 0], [0, 1, 1, 1, 0, 1, 0, 1, 1, 1, 0], [0, 1, 0, 1, 1, 1, 1, 1, 0, 1, 0], [0, 1, 0, 0, 0, 1, 0, 0, 0, 1, 0], [0, 1, 1, 1, 1, 1, 1, 1, 1, 1, 0], [0, 0, 0, 0, 0, 0, 0, 0, 0, 0, 0]]"
2025-05-12T00:00:17.328756,0,West,412.0,False,False,False,"[[0, 0, 0, 0, 0, 0, 0, 0, 0, 0, 0], [0, 2, 2, 4, 2, 2, 2, 2, 2, 3, 0], [0, 2, 0, 0, 0, 2, 0, 0, 0, 2, 0], [0, 2, 0, 2, 2, 2, 2, 2, 0, 2, 0], [0, 2, 4, 2, 0, 2, 0, 2, 2, 2, 0], [0, 0, 0, 2, 0, 2, 0, 2, 0, 0, 0], [0, 1, 1, 1, 2, 2, 2, 2, 2, 2, 0], [0, 1, 0, 1, 0, 0, 0, 2, 0, 2, 0], [0, 1, 0, 1, 0, 1, 0, 2, 0, 2, 0], [0, 1, 0, 1, 0, 1, 1, 2, 0, 2, 0], [0, 2, 0, 1, 0, 1, 1, 2, 0, 2, 0], [0, 2, 0, 1, 0, 1, 0, 2, 0, 5, 0], [0, 2, 0, 1, 0, 0, 0, 2, 0, 1, 0], [0, 2, 2, 1, 1, 1, 1, 1, 1, 1, 0], [0, 0, 0, 1, 0, 1, 0, 1, 0, 0, 0], [0, 1, 1, 1, 0, 1, 0, 1, 1, 1, 0], [0, 1, 0, 1, 1, 1, 1, 1, 0, 1, 0], [0, 1, 0, 0, 0, 1, 0, 0, 0, 1, 0], [0, 1, 1, 1, 1, 1, 1, 1, 1, 1, 0], [0, 0, 0, 0, 0, 0, 0, 0, 0, 0, 0]]"
2025-05-12T00:00:17.461835,0,West,421.0,False,False,False,"[[0, 0, 0, 0, 0, 0, 0, 0, 0, 0, 0], [0, 2, 2, 2, 4, 2, 2, 2, 2, 3, 0], [0, 2, 0, 0, 0, 2, 0, 0, 0, 2, 0], [0, 2, 0, 2, 2, 2, 2, 2, 0, 2, 0], [0, 2, 4, 2, 0, 2, 0, 2, 2, 2, 0], [0, 0, 0, 2, 0, 2, 0, 2, 0, 0, 0], [0, 1, 1, 1, 2, 2, 2, 2, 2, 2, 0], [0, 1, 0, 1, 0, 0, 0, 2, 0, 2, 0], [0, 1, 0, 1, 0, 1, 0, 2, 0, 2, 0], [0, 1, 0, 1, 0, 1, 1, 2, 0, 2, 0], [0, 2, 0, 1, 0, 1, 1, 2, 0, 5, 0], [0, 2, 0, 1, 0, 1, 0, 2, 0, 1, 0], [0, 2, 0, 1, 0, 0, 0, 2, 0, 1, 0], [0, 2, 2, 1, 1, 1, 1, 1, 1, 1, 0], [0, 0, 0, 1, 0, 1, 0, 1, 0, 0, 0], [0, 1, 1, 1, 0, 1, 0, 1, 1, 1, 0], [0, 1, 0, 1, 1, 1, 1, 1, 0, 1, 0], [0, 1, 0, 0, 0, 1, 0, 0, 0, 1, 0], [0, 1, 1, 1, 1, 1, 1, 1, 1, 1, 0], [0, 0, 0, 0, 0, 0, 0, 0, 0, 0, 0]]"
2025-05-12T00:00:17.586350,0,West,430.0,False,False,False,"[[0, 0, 0, 0, 0, 0, 0, 0, 0, 0, 0], [0, 2, 2, 2, 4, 2, 2, 2, 2, 3, 0], [0, 2, 0, 0, 0, 2, 0, 0, 0, 2, 0], [0, 2, 0, 2, 2, 2, 2, 2, 0, 2, 0], [0, 4, 2, 2, 0, 2, 0, 2, 2, 2, 0], [0, 0, 0, 2, 0, 2, 0, 2, 0, 0, 0], [0, 1, 1, 1, 2, 2, 2, 2, 2, 2, 0], [0, 1, 0, 1, 0, 0, 0, 2, 0, 2, 0], [0, 1, 0, 1, 0, 1, 0, 2, 0, 2, 0], [0, 1, 0, 1, 0, 1, 1, 2, 0, 5, 0], [0, 2, 0, 1, 0, 1, 1, 2, 0, 1, 0], [0, 2, 0, 1, 0, 1, 0, 2, 0, 1, 0], [0, 2, 0, 1, 0, 0, 0, 2, 0, 1, 0], [0, 2, 2, 1, 1, 1, 1, 1, 1, 1, 0], [0, 0, 0, 1, 0, 1, 0, 1, 0, 0, 0], [0, 1, 1, 1, 0, 1, 0, 1, 1, 1, 0], [0, 1, 0, 1, 1, 1, 1, 1, 0, 1, 0], [0, 1, 0, 0, 0, 1, 0, 0, 0, 1, 0], [0, 1, 1, 1, 1, 1, 1, 1, 1, 1, 0], [0, 0, 0, 0, 0, 0, 0, 0, 0, 0, 0]]"
2025-05-12T00:00:17.714728,0,West,439.0,False,False,False,"[[0, 0, 0, 0, 0, 0, 0, 0, 0, 0, 0], [0, 2, 2, 2, 2, 4, 2, 2, 2, 3, 0], [0, 2, 0, 0, 0, 2, 0, 0, 0, 2, 0], [0, 2, 0, 2, 2, 2, 2, 2, 0, 2, 0], [0, 4, 2, 2, 0, 2, 0, 2, 2, 2, 0], [0, 0, 0, 2, 0, 2, 0, 2, 0, 0, 0], [0, 1, 1, 1, 2, 2, 2, 2, 2, 2, 0], [0, 1, 0, 1, 0, 0, 0, 2, 0, 2, 0], [0, 1, 0, 1, 0, 1, 0, 2, 0, 5, 0], [0, 1, 0, 1, 0, 1, 1, 2, 0, 1, 0], [0, 2, 0, 1, 0, 1, 1, 2, 0, 1, 0], [0, 2, 0, 1, 0, 1, 0, 2, 0, 1, 0], [0, 2, 0, 1, 0, 0, 0, 2, 0, 1, 0], [0, 2, 2, 1, 1, 1, 1, 1, 1, 1, 0], [0, 0, 0, 1, 0, 1, 0, 1, 0, 0, 0], [0, 1, 1, 1, 0, 1, 0, 1, 1, 1, 0], [0, 1, 0, 1, 1, 1, 1, 1, 0, 1, 0], [0, 1, 0, 0, 0, 1, 0, 0, 0, 1, 0], [0, 1, 1, 1, 1, 1, 1, 1, 1, 1, 0], [0, 0, 0, 0, 0, 0, 0, 0, 0, 0, 0]]"
2025-05-12T00:00:17.845341,0,West,448.0,False,False,False,"[[0, 0, 0, 0, 0, 0, 0, 0, 0, 0, 0], [0, 2, 2, 2, 2, 4, 2, 2, 2, 3, 0], [0, 2, 0, 0, 0, 2, 0, 0, 0, 2, 0], [0, 4, 0, 2, 2, 2, 2, 2, 0, 2, 0], [0, 2, 2, 2, 0, 2, 0, 2, 2, 2, 0], [0, 0, 0, 2, 0, 2, 0, 2, 0, 0, 0], [0, 1, 1, 1, 2, 2, 2, 2, 2, 2, 0], [0, 1, 0, 1, 0, 0, 0, 2, 0, 5, 0], [0, 1, 0, 1, 0, 1, 0, 2, 0, 1, 0], [0, 1, 0, 1, 0, 1, 1, 2, 0, 1, 0], [0, 2, 0, 1, 0, 1, 1, 2, 0, 1, 0], [0, 2, 0, 1, 0, 1, 0, 2, 0, 1, 0], [0, 2, 0, 1, 0, 0, 0, 2, 0, 1, 0], [0, 2, 2, 1, 1, 1, 1, 1, 1, 1, 0], [0, 0, 0, 1, 0, 1, 0, 1, 0, 0, 0], [0, 1, 1, 1, 0, 1, 0, 1, 1, 1, 0], [0, 1, 0, 1, 1, 1, 1, 1, 0, 1, 0], [0, 1, 0, 0, 0, 1, 0, 0, 0, 1, 0], [0, 1, 1, 1, 1, 1, 1, 1, 1, 1, 0], [0, 0, 0, 0, 0, 0, 0, 0, 0, 0, 0]]"
2025-05-12T00:00:17.971175,0,South,457.0,False,False,False,"[[0, 0, 0, 0, 0, 0, 0, 0, 0, 0, 0], [0, 2, 2, 2, 2, 2, 4, 2, 2, 3, 0], [0, 2, 0, 0, 0, 2, 0, 0, 0, 2, 0], [0, 4, 0, 2, 2, 2, 2, 2, 0, 2, 0], [0, 2, 2, 2, 0, 2, 0, 2, 2, 2, 0], [0, 0, 0, 2, 0, 2, 0, 2, 0, 0, 0], [0, 1, 1, 1, 2, 2, 2, 2, 2, 5, 0], [0, 1, 0, 1, 0, 0, 0, 2, 0, 1, 0], [0, 1, 0, 1, 0, 1, 0, 2, 0, 1, 0], [0, 1, 0, 1, 0, 1, 1, 2, 0, 1, 0], [0, 2, 0, 1, 0, 1, 1, 2, 0, 1, 0], [0, 2, 0, 1, 0, 1, 0, 2, 0, 1, 0], [0, 2, 0, 1, 0, 0, 0, 2, 0, 1, 0], [0, 2, 2, 1, 1, 1, 1, 1, 1, 1, 0], [0, 0, 0, 1, 0, 1, 0, 1, 0, 0, 0], [0, 1, 1, 1, 0, 1, 0, 1, 1, 1, 0], [0, 1, 0, 1, 1, 1, 1, 1, 0, 1, 0], [0, 1, 0, 0, 0, 1, 0, 0, 0, 1, 0], [0, 1, 1, 1, 1, 1, 1, 1, 1, 1, 0], [0, 0, 0, 0, 0, 0, 0, 0, 0, 0, 0]]"
2025-05-12T00:00:18.104706,0,South,466.0,False,False,False,"[[0, 0, 0, 0, 0, 0, 0, 0, 0, 0, 0], [0, 2, 2, 2, 2, 2, 4, 2, 2, 3, 0], [0, 4, 0, 0, 0, 2, 0, 0, 0, 2, 0], [0, 2, 0, 2, 2, 2, 2, 2, 0, 2, 0], [0, 2, 2, 2, 0, 2, 0, 2, 2, 2, 0], [0, 0, 0, 2, 0, 2, 0, 2, 0, 0, 0], [0, 1, 1, 1, 2, 2, 2, 2, 5, 1, 0], [0, 1, 0, 1, 0, 0, 0, 2, 0, 1, 0], [0, 1, 0, 1, 0, 1, 0, 2, 0, 1, 0], [0, 1, 0, 1, 0, 1, 1, 2, 0, 1, 0], [0, 2, 0, 1, 0, 1, 1, 2, 0, 1, 0], [0, 2, 0, 1, 0, 1, 0, 2, 0, 1, 0], [0, 2, 0, 1, 0, 0, 0, 2, 0, 1, 0], [0, 2, 2, 1, 1, 1, 1, 1, 1, 1, 0], [0, 0, 0, 1, 0, 1, 0, 1, 0, 0, 0], [0, 1, 1, 1, 0, 1, 0, 1, 1, 1, 0], [0, 1, 0, 1, 1, 1, 1, 1, 0, 1, 0], [0, 1, 0, 0, 0, 1, 0, 0, 0, 1, 0], [0, 1, 1, 1, 1, 1, 1, 1, 1, 1, 0], [0, 0, 0, 0, 0, 0, 0, 0, 0, 0, 0]]"
2025-05-12T00:00:18.240365,0,West,475.0,False,False,False,"[[0, 0, 0, 0, 0, 0, 0, 0, 0, 0, 0], [0, 2, 2, 2, 2, 2, 2, 4, 2, 3, 0], [0, 4, 0, 0, 0, 2, 0, 0, 0, 2, 0], [0, 2, 0, 2, 2, 2, 2, 2, 0, 2, 0], [0, 2, 2, 2, 0, 2, 0, 2, 2, 2, 0], [0, 0, 0, 2, 0, 2, 0, 2, 0, 0, 0], [0, 1, 1, 1, 2, 2, 2, 5, 1, 1, 0], [0, 1, 0, 1, 0, 0, 0, 2, 0, 1, 0], [0, 1, 0, 1, 0, 1, 0, 2, 0, 1, 0], [0, 1, 0, 1, 0, 1, 1, 2, 0, 1, 0], [0, 2, 0, 1, 0, 1, 1, 2, 0, 1, 0], [0, 2, 0, 1, 0, 1, 0, 2, 0, 1, 0], [0, 2, 0, 1, 0, 0, 0, 2, 0, 1, 0], [0, 2, 2, 1, 1, 1, 1, 1, 1, 1, 0], [0, 0, 0, 1, 0, 1, 0, 1, 0, 0, 0], [0, 1, 1, 1, 0, 1, 0, 1, 1, 1, 0], [0, 1, 0, 1, 1, 1, 1, 1, 0, 1, 0], [0, 1, 0, 0, 0, 1, 0, 0, 0, 1, 0], [0, 1, 1, 1, 1, 1, 1, 1, 1, 1, 0], [0, 0, 0, 0, 0, 0, 0, 0, 0, 0, 0]]"
2025-05-12T00:00:18.374241,0,West,484.0,False,False,False,"[[0, 0, 0, 0, 0, 0, 0, 0, 0, 0, 0], [0, 4, 2, 2, 2, 2, 2, 4, 2, 3, 0], [0, 2, 0, 0, 0, 2, 0, 0, 0, 2, 0], [0, 2, 0, 2, 2, 2, 2, 2, 0, 2, 0], [0, 2, 2, 2, 0, 2, 0, 2, 2, 2, 0], [0, 0, 0, 2, 0, 2, 0, 5, 0, 0, 0], [0, 1, 1, 1, 2, 2, 2, 1, 1, 1, 0], [0, 1, 0, 1, 0, 0, 0, 2, 0, 1, 0], [0, 1, 0, 1, 0, 1, 0, 2, 0, 1, 0], [0, 1, 0, 1, 0, 1, 1, 2, 0, 1, 0], [0, 2, 0, 1, 0, 1, 1, 2, 0, 1, 0], [0, 2, 0, 1, 0, 1, 0, 2, 0, 1, 0], [0, 2, 0, 1, 0, 0, 0, 2, 0, 1, 0], [0, 2, 2, 1, 1, 1, 1, 1, 1, 1, 0], [0, 0, 0, 1, 0, 1, 0, 1, 0, 0, 0], [0, 1, 1, 1, 0, 1, 0, 1, 1, 1, 0], [0, 1, 0, 1, 1, 1, 1, 1, 0, 1, 0], [0, 1, 0, 0, 0, 1, 0, 0, 0, 1, 0], [0, 1, 1, 1, 1, 1, 1, 1, 1, 1, 0], [0, 0, 0, 0, 0, 0, 0, 0, 0, 0, 0]]"
2025-05-12T00:00:18.513910,0,North,493.0,False,False,False,"[[0, 0, 0, 0, 0, 0, 0, 0, 0, 0, 0], [0, 4, 2, 2, 2, 2, 2, 2, 4, 3, 0], [0, 2, 0, 0, 0, 2, 0, 0, 0, 2, 0], [0, 2, 0, 2, 2, 2, 2, 2, 0, 2, 0], [0, 2, 2, 2, 0, 2, 0, 5, 2, 2, 0], [0, 0, 0, 2, 0, 2, 0, 1, 0, 0, 0], [0, 1, 1, 1, 2, 2, 2, 1, 1, 1, 0], [0, 1, 0, 1, 0, 0, 0, 2, 0, 1, 0], [0, 1, 0, 1, 0, 1, 0, 2, 0, 1, 0], [0, 1, 0, 1, 0, 1, 1, 2, 0, 1, 0], [0, 2, 0, 1, 0, 1, 1, 2, 0, 1, 0], [0, 2, 0, 1, 0, 1, 0, 2, 0, 1, 0], [0, 2, 0, 1, 0, 0, 0, 2, 0, 1, 0], [0, 2, 2, 1, 1, 1, 1, 1, 1, 1, 0], [0, 0, 0, 1, 0, 1, 0, 1, 0, 0, 0], [0, 1, 1, 1, 0, 1, 0, 1, 1, 1, 0], [0, 1, 0, 1, 1, 1, 1, 1, 0, 1, 0], [0, 1, 0, 0, 0, 1, 0, 0, 0, 1, 0], [0, 1, 1, 1, 1, 1, 1, 1, 1, 1, 0], [0, 0, 0, 0, 0, 0, 0, 0, 0, 0, 0]]"
2025-05-12T00:00:18.658655,0,North,502.0,False,False,False,"[[0, 0, 0, 0, 0, 0, 0, 0, 0, 0, 0], [0, 4, 2, 2, 2, 2, 2, 2, 4, 3, 0], [0, 2, 0, 0, 0, 2, 0, 0, 0, 2, 0], [0, 2, 0, 2, 2, 2, 2, 2, 0, 2, 0], [0, 2, 2, 2, 0, 2, 0, 1, 5, 2, 0], [0, 0, 0, 2, 0, 2, 0, 1, 0, 0, 0], [0, 1, 1, 1, 2, 2, 2, 1, 1, 1, 0], [0, 1, 0, 1, 0, 0, 0, 2, 0, 1, 0], [0, 1, 0, 1, 0, 1, 0, 2, 0, 1, 0], [0, 1, 0, 1, 0, 1, 1, 2, 0, 1, 0], [0, 2, 0, 1, 0, 1, 1, 2, 0, 1, 0], [0, 2, 0, 1, 0, 1, 0, 2, 0, 1, 0], [0, 2, 0, 1, 0, 0, 0, 2, 0, 1, 0], [0, 2, 2, 1, 1, 1, 1, 1, 1, 1, 0], [0, 0, 0, 1, 0, 1, 0, 1, 0, 0, 0], [0, 1, 1, 1, 0, 1, 0, 1, 1, 1, 0], [0, 1, 0, 1, 1, 1, 1, 1, 0, 1, 0], [0, 1, 0, 0, 0, 1, 0, 0, 0, 1, 0], [0, 1, 1, 1, 1, 1, 1, 1, 1, 1, 0], [0, 0, 0, 0, 0, 0, 0, 0, 0, 0, 0]]"
2025-05-12T00:00:18.796621,0,West,511.0,False,False,False,"[[0, 0, 0, 0, 0, 0, 0, 0, 0, 0, 0], [0, 2, 4, 2, 2, 2, 2, 2, 2, 4, 0], [0, 2, 0, 0, 0, 2, 0, 0, 0, 2, 0], [0, 2, 0, 2, 2, 2, 2, 2, 0, 2, 0], [0, 2, 2, 2, 0, 2, 0, 1, 1, 5, 0], [0, 0, 0, 2, 0, 2, 0, 1, 0, 0, 0], [0, 1, 1, 1, 2, 2, 2, 1, 1, 1, 0], [0, 1, 0, 1, 0, 0, 0, 2, 0, 1, 0], [0, 1, 0, 1, 0, 1, 0, 2, 0, 1, 0], [0, 1, 0, 1, 0, 1, 1, 2, 0, 1, 0], [0, 2, 0, 1, 0, 1, 1, 2, 0, 1, 0], [0, 2, 0, 1, 0, 1, 0, 2, 0, 1, 0], [0, 2, 0, 1, 0, 0, 0, 2, 0, 1, 0], [0, 2, 2, 1, 1, 1, 1, 1, 1, 1, 0], [0, 0, 0, 1, 0, 1, 0, 1, 0, 0, 0], [0, 1, 1, 1, 0, 1, 0, 1, 1, 1, 0], [0, 1, 0, 1, 1, 1, 1, 1, 0, 1, 0], [0, 1, 0, 0, 0, 1, 0, 0, 0, 1, 0], [0, 1, 1, 1, 1, 1, 1, 1, 1, 1, 0], [0, 0, 0, 0, 0, 0, 0, 0, 0, 0, 0]]"
2025-05-12T00:00:18.927679,0,West,520.0,False,False,False,"[[0, 0, 0, 0, 0, 0, 0, 0, 0, 0, 0], [0, 2, 4, 2, 2, 2, 2, 2, 2, 4, 0], [0, 2, 0, 0, 0, 2, 0, 0, 0, 2, 0], [0, 2, 0, 2, 2, 2, 2, 2, 0, 5, 0], [0, 2, 2, 2, 0, 2, 0, 1, 1, 1, 0], [0, 0, 0, 2, 0, 2, 0, 1, 0, 0, 0], [0, 1, 1, 1, 2, 2, 2, 1, 1, 1, 0], [0, 1, 0, 1, 0, 0, 0, 2, 0, 1, 0], [0, 1, 0, 1, 0, 1, 0, 2, 0, 1, 0], [0, 1, 0, 1, 0, 1, 1, 2, 0, 1, 0], [0, 2, 0, 1, 0, 1, 1, 2, 0, 1, 0], [0, 2, 0, 1, 0, 1, 0, 2, 0, 1, 0], [0, 2, 0, 1, 0, 0, 0, 2, 0, 1, 0], [0, 2, 2, 1, 1, 1, 1, 1, 1, 1, 0], [0, 0, 0, 1, 0, 1, 0, 1, 0, 0, 0], [0, 1, 1, 1, 0, 1, 0, 1, 1, 1, 0], [0, 1, 0, 1, 1, 1, 1, 1, 0, 1, 0], [0, 1, 0, 0, 0, 1, 0, 0, 0, 1, 0], [0, 1, 1, 1, 1, 1, 1, 1, 1, 1, 0], [0, 0, 0, 0, 0, 0, 0, 0, 0, 0, 0]]"
2025-05-12T00:00:19.052405,0,East,729.0,False,False,False,"[[0, 0, 0, 0, 0, 0, 0, 0, 0, 0, 0], [0, 2, 2, 4, 2, 2, 2, 2, 2, 3, 0], [0, 2, 0, 0, 0, 2, 0, 0, 0, 5, 0], [0, 2, 0, 2, 2, 2, 2, 2, 0, 1, 0], [0, 2, 2, 2, 0, 2, 0, 1, 1, 1, 0], [0, 0, 0, 2, 0, 2, 0, 1, 0, 0, 0], [0, 1, 1, 1, 2, 2, 2, 1, 1, 1, 0], [0, 1, 0, 1, 0, 0, 0, 2, 0, 1, 0], [0, 1, 0, 1, 0, 1, 0, 2, 0, 1, 0], [0, 1, 0, 1, 0, 1, 1, 2, 0, 1, 0], [0, 2, 0, 1, 0, 4, 1, 2, 0, 1, 0], [0, 2, 0, 1, 0, 1, 0, 2, 0, 1, 0], [0, 2, 0, 1, 0, 0, 0, 2, 0, 1, 0], [0, 2, 2, 1, 1, 1, 1, 1, 1, 1, 0], [0, 0, 0, 1, 0, 1, 0, 1, 0, 0, 0], [0, 1, 1, 1, 0, 1, 0, 1, 1, 1, 0], [0, 1, 0, 1, 1, 1, 1, 1, 0, 1, 0], [0, 1, 0, 0, 0, 1, 0, 0, 0, 1, 0], [0, 1, 1, 1, 1, 1, 1, 1, 1, 1, 0], [0, 0, 0, 0, 0, 0, 0, 0, 0, 0, 0]]"
2025-05-12T00:00:19.184688,0,East,728.0,False,False,False,"[[0, 0, 0, 0, 0, 0, 0, 0, 0, 0, 0], [0, 2, 2, 4, 2, 2, 2, 2, 2, 3, 0], [0, 2, 0, 0, 0, 2, 0, 0, 0, 1, 0], [0, 2, 0, 2, 2, 2, 2, 2, 0, 5, 0], [0, 2, 2, 2, 0, 2, 0, 1, 1, 1, 0], [0, 0, 0, 2, 0, 2, 0, 1, 0, 0, 0], [0, 1, 1, 1, 2, 2, 2, 1, 1, 1, 0], [0, 1, 0, 1, 0, 0, 0, 2, 0, 1, 0], [0, 1, 0, 1, 0, 1, 0, 2, 0, 1, 0], [0, 1, 0, 1, 0, 4, 1, 2, 0, 1, 0], [0, 2, 0, 1, 0, 1, 1, 2, 0, 1, 0], [0, 2, 0, 1, 0, 1, 0, 2, 0, 1, 0], [0, 2, 0, 1, 0, 0, 0, 2, 0, 1, 0], [0, 2, 2, 1, 1, 1, 1, 1, 1, 1, 0], [0, 0, 0, 1, 0, 1, 0, 1, 0, 0, 0], [0, 1, 1, 1, 0, 1, 0, 1, 1, 1, 0], [0, 1, 0, 1, 1, 1, 1, 1, 0, 1, 0], [0, 1, 0, 0, 0, 1, 0, 0, 0, 1, 0], [0, 1, 1, 1, 1, 1, 1, 1, 1, 1, 0], [0, 0, 0, 0, 0, 0, 0, 0, 0, 0, 0]]"
2025-05-12T00:00:19.325517,0,South,727.0,False,False,False,"[[0, 0, 0, 0, 0, 0, 0, 0, 0, 0, 0], [0, 2, 2, 2, 4, 2, 2, 2, 2, 3, 0], [0, 2, 0, 0, 0, 2, 0, 0, 0, 1, 0], [0, 2, 0, 2, 2, 2, 2, 2, 0, 1, 0], [0, 2, 2, 2, 0, 2, 0, 1, 1, 5, 0], [0, 0, 0, 2, 0, 2, 0, 1, 0, 0, 0], [0, 1, 1, 1, 2, 2, 2, 1, 1, 1, 0], [0, 1, 0, 1, 0, 0, 0, 2, 0, 1, 0], [0, 1, 0, 1, 0, 4, 0, 2, 0, 1, 0], [0, 1, 0, 1, 0, 1, 1, 2, 0, 1, 0], [0, 2, 0, 1, 0, 1, 1, 2, 0, 1, 0], [0, 2, 0, 1, 0, 1, 0, 2, 0, 1, 0], [0, 2, 0, 1, 0, 0, 0, 2, 0, 1, 0], [0, 2, 2, 1, 1, 1, 1, 1, 1, 1, 0], [0, 0, 0, 1, 0, 1, 0, 1, 0, 0, 0], [0, 1, 1, 1, 0, 1, 0, 1, 1, 1, 0], [0, 1, 0, 1, 1, 1, 1, 1, 0, 1, 0], [0, 1, 0, 0, 0, 1, 0, 0, 0, 1, 0], [0, 1, 1, 1, 1, 1, 1, 1, 1, 1, 0], [0, 0, 0, 0, 0, 0, 0, 0, 0, 0, 0]]"
2025-05-12T00:00:19.471650,0,South,726.0,False,False,False,"[[0, 0, 0, 0, 0, 0, 0, 0, 0, 0, 0], [0, 2, 2, 2, 4, 2, 2, 2, 2, 3, 0], [0, 2, 0, 0, 0, 2, 0, 0, 0, 1, 0], [0, 2, 0, 2, 2, 2, 2, 2, 0, 1, 0], [0, 2, 2, 2, 0, 2, 0, 1, 5, 1, 0], [0, 0, 0, 2, 0, 2, 0, 1, 0, 0, 0], [0, 1, 1, 1, 2, 2, 2, 1, 1, 1, 0], [0, 1, 0, 1, 0, 0, 0, 2, 0, 1, 0], [0, 1, 0, 1, 0, 1, 0, 2, 0, 1, 0], [0, 1, 0, 1, 0, 4, 1, 2, 0, 1, 0], [0, 2, 0, 1, 0, 1, 1, 2, 0, 1, 0], [0, 2, 0, 1, 0, 1, 0, 2, 0, 1, 0], [0, 2, 0, 1, 0, 0, 0, 2, 0, 1, 0], [0, 2, 2, 1, 1, 1, 1, 1, 1, 1, 0], [0, 0, 0, 1, 0, 1, 0, 1, 0, 0, 0], [0, 1, 1, 1, 0, 1, 0, 1, 1, 1, 0], [0, 1, 0, 1, 1, 1, 1, 1, 0, 1, 0], [0, 1, 0, 0, 0, 1, 0, 0, 0, 1, 0], [0, 1, 1, 1, 1, 1, 1, 1, 1, 1, 0], [0, 0, 0, 0, 0, 0, 0, 0, 0, 0, 0]]"
2025-05-12T00:00:19.617433,0,Stop,725.0,False,False,False,"[[0, 0, 0, 0, 0, 0, 0, 0, 0, 0, 0], [0, 2, 2, 2, 2, 4, 2, 2, 2, 3, 0], [0, 2, 0, 0, 0, 2, 0, 0, 0, 1, 0], [0, 2, 0, 2, 2, 2, 2, 2, 0, 1, 0], [0, 2, 2, 2, 0, 2, 0, 5, 1, 1, 0], [0, 0, 0, 2, 0, 2, 0, 1, 0, 0, 0], [0, 1, 1, 1, 2, 2, 2, 1, 1, 1, 0], [0, 1, 0, 1, 0, 0, 0, 2, 0, 1, 0], [0, 1, 0, 1, 0, 1, 0, 2, 0, 1, 0], [0, 1, 0, 1, 0, 1, 4, 2, 0, 1, 0], [0, 2, 0, 1, 0, 1, 1, 2, 0, 1, 0], [0, 2, 0, 1, 0, 1, 0, 2, 0, 1, 0], [0, 2, 0, 1, 0, 0, 0, 2, 0, 1, 0], [0, 2, 2, 1, 1, 1, 1, 1, 1, 1, 0], [0, 0, 0, 1, 0, 1, 0, 1, 0, 0, 0], [0, 1, 1, 1, 0, 1, 0, 1, 1, 1, 0], [0, 1, 0, 1, 1, 1, 1, 1, 0, 1, 0], [0, 1, 0, 0, 0, 1, 0, 0, 0, 1, 0], [0, 1, 1, 1, 1, 1, 1, 1, 1, 1, 0], [0, 0, 0, 0, 0, 0, 0, 0, 0, 0, 0]]"
2025-05-12T00:00:19.761840,0,West,724.0,False,False,False,"[[0, 0, 0, 0, 0, 0, 0, 0, 0, 0, 0], [0, 2, 2, 2, 2, 4, 2, 2, 2, 3, 0], [0, 2, 0, 0, 0, 2, 0, 0, 0, 1, 0], [0, 2, 0, 2, 2, 2, 2, 2, 0, 1, 0], [0, 2, 2, 2, 0, 2, 0, 5, 1, 1, 0], [0, 0, 0, 2, 0, 2, 0, 1, 0, 0, 0], [0, 1, 1, 1, 2, 2, 2, 1, 1, 1, 0], [0, 1, 0, 1, 0, 0, 0, 2, 0, 1, 0], [0, 1, 0, 1, 0, 1, 0, 2, 0, 1, 0], [0, 1, 0, 1, 0, 1, 1, 4, 0, 1, 0], [0, 2, 0, 1, 0, 1, 1, 2, 0, 1, 0], [0, 2, 0, 1, 0, 1, 0, 2, 0, 1, 0], [0, 2, 0, 1, 0, 0, 0, 2, 0, 1, 0], [0, 2, 2, 1, 1, 1, 1, 1, 1, 1, 0], [0, 0, 0, 1, 0, 1, 0, 1, 0, 0, 0], [0, 1, 1, 1, 0, 1, 0, 1, 1, 1, 0], [0, 1, 0, 1, 1, 1, 1, 1, 0, 1, 0], [0, 1, 0, 0, 0, 1, 0, 0, 0, 1, 0], [0, 1, 1, 1, 1, 1, 1, 1, 1, 1, 0], [0, 0, 0, 0, 0, 0, 0, 0, 0, 0, 0]]"
2025-05-12T00:00:19.902860,0,East,733.0,False,False,False,"[[0, 0, 0, 0, 0, 0, 0, 0, 0, 0, 0], [0, 2, 2, 2, 2, 2, 4, 2, 2, 3, 0], [0, 2, 0, 0, 0, 2, 0, 0, 0, 1, 0], [0, 2, 0, 2, 2, 2, 2, 5, 0, 1, 0], [0, 2, 2, 2, 0, 2, 0, 1, 1, 1, 0], [0, 0, 0, 2, 0, 2, 0, 1, 0, 0, 0], [0, 1, 1, 1, 2, 2, 2, 1, 1, 1, 0], [0, 1, 0, 1, 0, 0, 0, 2, 0, 1, 0], [0, 1, 0, 1, 0, 1, 0, 4, 0, 1, 0], [0, 1, 0, 1, 0, 1, 1, 2, 0, 1, 0], [0, 2, 0, 1, 0, 1, 1, 2, 0, 1, 0], [0, 2, 0, 1, 0, 1, 0, 2, 0, 1, 0], [0, 2, 0, 1, 0, 0, 0, 2, 0, 1, 0], [0, 2, 2, 1, 1, 1, 1, 1, 1, 1, 0], [0, 0, 0, 1, 0, 1, 0, 1, 0, 0, 0], [0, 1, 1, 1, 0, 1, 0, 1, 1, 1, 0], [0, 1, 0, 1, 1, 1, 1, 1, 0, 1, 0], [0, 1, 0, 0, 0, 1, 0, 0, 0, 1, 0], [0, 1, 1, 1, 1, 1, 1, 1, 1, 1, 0], [0, 0, 0, 0, 0, 0, 0, 0, 0, 0, 0]]"
2025-05-12T00:00:20.040634,0,North,732.0,False,False,False,"[[0, 0, 0, 0, 0, 0, 0, 0, 0, 0, 0], [0, 2, 2, 2, 2, 2, 4, 2, 2, 3, 0], [0, 2, 0, 0, 0, 2, 0, 0, 0, 1, 0], [0, 2, 0, 2, 2, 2, 2, 1, 0, 1, 0], [0, 2, 2, 2, 0, 2, 0, 5, 1, 1, 0], [0, 0, 0, 2, 0, 2, 0, 1, 0, 0, 0], [0, 1, 1, 1, 2, 2, 2, 1, 1, 1, 0], [0, 1, 0, 1, 0, 0, 0, 4, 0, 1, 0], [0, 1, 0, 1, 0, 1, 0, 2, 0, 1, 0], [0, 1, 0, 1, 0, 1, 1, 2, 0, 1, 0], [0, 2, 0, 1, 0, 1, 1, 2, 0, 1, 0], [0, 2, 0, 1, 0, 1, 0, 2, 0, 1, 0], [0, 2, 0, 1, 0, 0, 0, 2, 0, 1, 0], [0, 2, 2, 1, 1, 1, 1, 1, 1, 1, 0], [0, 0, 0, 1, 0, 1, 0, 1, 0, 0, 0], [0, 1, 1, 1, 0, 1, 0, 1, 1, 1, 0], [0, 1, 0, 1, 1, 1, 1, 1, 0, 1, 0], [0, 1, 0, 0, 0, 1, 0, 0, 0, 1, 0], [0, 1, 1, 1, 1, 1, 1, 1, 1, 1, 0], [0, 0, 0, 0, 0, 0, 0, 0, 0, 0, 0]]"
2025-05-12T00:00:20.182130,0,North,731.0,False,False,False,"[[0, 0, 0, 0, 0, 0, 0, 0, 0, 0, 0], [0, 2, 2, 2, 2, 2, 2, 4, 2, 3, 0], [0, 2, 0, 0, 0, 2, 0, 0, 0, 1, 0], [0, 2, 0, 2, 2, 2, 2, 1, 0, 1, 0], [0, 2, 2, 2, 0, 2, 0, 1, 5, 1, 0], [0, 0, 0, 2, 0, 2, 0, 1, 0, 0, 0], [0, 1, 1, 1, 2, 2, 2, 4, 1, 1, 0], [0, 1, 0, 1, 0, 0, 0, 2, 0, 1, 0], [0, 1, 0, 1, 0, 1, 0, 2, 0, 1, 0], [0, 1, 0, 1, 0, 1, 1, 2, 0, 1, 0], [0, 2, 0, 1, 0, 1, 1, 2, 0, 1, 0], [0, 2, 0, 1, 0, 1, 0, 2, 0, 1, 0], [0, 2, 0, 1, 0, 0, 0, 2, 0, 1, 0], [0, 2, 2, 1, 1, 1, 1, 1, 1, 1, 0], [0, 0, 0, 1, 0, 1, 0, 1, 0, 0, 0], [0, 1, 1, 1, 0, 1, 0, 1, 1, 1, 0], [0, 1, 0, 1, 1, 1, 1, 1, 0, 1, 0], [0, 1, 0, 0, 0, 1, 0, 0, 0, 1, 0], [0, 1, 1, 1, 1, 1, 1, 1, 1, 1, 0], [0, 0, 0, 0, 0, 0, 0, 0, 0, 0, 0]]"
2025-05-12T00:00:20.324825,0,West,730.0,False,False,False,"[[0, 0, 0, 0, 0, 0, 0, 0, 0, 0, 0], [0, 2, 2, 2, 2, 2, 2, 2, 4, 3, 0], [0, 2, 0, 0, 0, 2, 0, 0, 0, 1, 0], [0, 2, 0, 2, 2, 2, 2, 1, 0, 1, 0], [0, 2, 2, 2, 0, 2, 0, 1, 1, 5, 0], [0, 0, 0, 2, 0, 2, 0, 1, 0, 0, 0], [0, 1, 1, 1, 2, 2, 2, 1, 4, 1, 0], [0, 1, 0, 1, 0, 0, 0, 2, 0, 1, 0], [0, 1, 0, 1, 0, 1, 0, 2, 0, 1, 0], [0, 1, 0, 1, 0, 1, 1, 2, 0, 1, 0], [0, 2, 0, 1, 0, 1, 1, 2, 0, 1, 0], [0, 2, 0, 1, 0, 1, 0, 2, 0, 1, 0], [0, 2, 0, 1, 0, 0, 0, 2, 0, 1, 0], [0, 2, 2, 1, 1, 1, 1, 1, 1, 1, 0], [0, 0, 0, 1, 0, 1, 0, 1, 0, 0, 0], [0, 1, 1, 1, 0, 1, 0, 1, 1, 1, 0], [0, 1, 0, 1, 1, 1, 1, 1, 0, 1, 0], [0, 1, 0, 0, 0, 1, 0, 0, 0, 1, 0], [0, 1, 1, 1, 1, 1, 1, 1, 1, 1, 0], [0, 0, 0, 0, 0, 0, 0, 0, 0, 0, 0]]"
2025-05-12T00:00:20.461456,0,West,729.0,False,False,False,"[[0, 0, 0, 0, 0, 0, 0, 0, 0, 0, 0], [0, 2, 2, 2, 2, 2, 2, 2, 2, 4, 0], [0, 2, 0, 0, 0, 2, 0, 0, 0, 1, 0], [0, 2, 0, 2, 2, 2, 2, 1, 0, 5, 0], [0, 2, 2, 2, 0, 2, 0, 1, 1, 1, 0], [0, 0, 0, 2, 0, 2, 0, 1, 0, 0, 0], [0, 1, 1, 1, 2, 2, 2, 1, 1, 4, 0], [0, 1, 0, 1, 0, 0, 0, 2, 0, 1, 0], [0, 1, 0, 1, 0, 1, 0, 2, 0, 1, 0], [0, 1, 0, 1, 0, 1, 1, 2, 0, 1, 0], [0, 2, 0, 1, 0, 1, 1, 2, 0, 1, 0], [0, 2, 0, 1, 0, 1, 0, 2, 0, 1, 0], [0, 2, 0, 1, 0, 0, 0, 2, 0, 1, 0], [0, 2, 2, 1, 1, 1, 1, 1, 1, 1, 0], [0, 0, 0, 1, 0, 1, 0, 1, 0, 0, 0], [0, 1, 1, 1, 0, 1, 0, 1, 1, 1, 0], [0, 1, 0, 1, 1, 1, 1, 1, 0, 1, 0], [0, 1, 0, 0, 0, 1, 0, 0, 0, 1, 0], [0, 1, 1, 1, 1, 1, 1, 1, 1, 1, 0], [0, 0, 0, 0, 0, 0, 0, 0, 0, 0, 0]]"
